data,rank,nicho,região,nome,nota,avaliações,contato,WhatsApp/telefone normalizado,site atual,link Maps,motivo da abordagem,diagnóstico do site atual,conteúdo real extraído,serviços reais identificados,prova social real,identidade visual observada,imagens/logo aproveitáveis,slug sugerido,status redesign,URL curta gerada,print Maps,print site atual desktop,print site atual mobile,link wa.me preliminar,status,observações,Bloco 1 (Link),Bloco 2 (Proposta),Toque 1 (2 dias),Toque 2 (5 dias),Toque 3 (10 dias)
2026-07-22,1,Nutricionista,Balneário Camboriú - SC,Gabrielle Farias,"5,0",não verificado,+55 (47) 98432-0374,+5547984320374,https://gabriellefarias.com.br/,https://www.google.com/maps/search/?api=1&query=Gabrielle%20Farias%20Nutricionista%20Balne%C3%A1rio%20Cambori%C3%BA%20-%20SC,"Nutricionista em Balneário Camboriú - SC com URL válida, contato público e site simples; há conteúdo real aproveitável, mas a apresentação atual pode ganhar mais hierarquia, autoridade e CTA direto.","Site atual é redesenhável: site simples, hierarquia comercial limitada, CTA/WhatsApp pouco dominante e conteúdo distribuído sem foco claro de conversão. Futuro redesign pode abrir com especialidade, prova social, serviços confirmados e agendamento direto.","Site informa: Gabrielle Farias; Comportamento alimentar; nutrição infantil; consultas online; relação com comida; atendimento em Balneário Camboriú.","comportamento alimentar; nutrição infantil","5,0 / não verificado avaliações informadas em fonte pública ou busca.","Site simples com textos, fotos e identidade atual a preservar.","Prints desktop/mobile capturados; manter identidade e informações principais.",gabrielle-farias-nutricionista,Aguardando redesign individual,,D:\LEONARDO\Drive\Projetos\funil-comercial\prospeccao-ativa-2026-07-22\prints\gabrielle-farias-nutricionista-maps.png,D:\LEONARDO\Drive\Projetos\funil-comercial\prospeccao-ativa-2026-07-22\prints\gabrielle-farias-nutricionista-desktop.png,D:\LEONARDO\Drive\Projetos\funil-comercial\prospeccao-ativa-2026-07-22\prints\gabrielle-farias-nutricionista-mobile.png,https://wa.me/5547984320374,LEAD_QUALIFICADO_AGUARDANDO_REDESIGN_INDIVIDUAL,"Sem envio automático; URL curta permanece vazia até redesign individual.","Oi, Gabrielle! Vi seu site de nutricionista em Balneário Camboriú - SC, com comportamento alimentar; nutrição infantil. Também notei que a página atual usa site simples e poderia deixar WhatsApp, autoridade e agendamento mais claros: [INSERIR_LINK_DO_REDESIGN_APOS_CRIACAO]","Gabrielle, resumindo: a ideia é transformar seu site atual em uma página mais moderna, clara e focada em agendamentos pelo WhatsApp.

(envie a imagem da proposta aqui)

Valor único: R$497
Hospedagem/manutenção: R$37,90 por mês

Isso inclui a página responsiva, ajustes finais e publicação no domínio definitivo.","Oi, Gabrielle! Passando pra saber se você chegou a ver o site novo que te mandei.

Se tiver algo que você mudaria, uma cor, um texto, uma foto, eu ajusto pra ficar do seu jeito. 😊","Oi, Gabrielle! Só pra deixar claro, esse é o trabalho que eu faço, ajudo profissionais como você a terem um site que traz mais pacientes, clientes ou consultas e passa mais autoridade.

Fiz o seu como demonstração, sem compromisso.

Se fizer sentido, te explico como deixar ele no ar. Quer que eu te mande os detalhes?","Oi, Gabrielle! Imagino que a correria da agenda tenha falado mais alto, sem problema.

Vou deixar o link no ar por mais 24 horas.

Se um dia quiser colocar no ar, é só me chamar que retomo na hora.

Sucesso, viu! 🙌"
2026-07-22,2,Nutricionista,Itajaí - SC,Dra. Andressa Rodrigues,não verificado,não verificado,(47) 8833-4600,+554788334600,https://nutriandressacrodrigues.com.br/,https://www.google.com/maps/search/?api=1&query=Dra.%20Andressa%20Rodrigues%20Nutricionista%20Itaja%C3%AD%20-%20SC,"Nutricionista em Itajaí - SC com URL válida, contato público e site simples; há conteúdo real aproveitável, mas a apresentação atual pode ganhar mais hierarquia, autoridade e CTA direto.","Site atual é redesenhável: site simples, hierarquia comercial limitada, CTA/WhatsApp pouco dominante e conteúdo distribuído sem foco claro de conversão. Futuro redesign pode abrir com especialidade, prova social, serviços confirmados e agendamento direto.","Site informa: Dra. Andressa Rodrigues; Nutrição integrativa; saúde mental e emocional; planos alimentares personalizados; Itajaí.","Nutricionista; atendimento informado no site atual","Prova social não verificada em Maps nesta captura; credenciais, CRP/CRN, depoimentos ou experiência citados quando presentes no site.","Site simples com textos, fotos e identidade atual a preservar.","Prints desktop/mobile capturados; manter identidade e informações principais.",dra-andressa-rodrigues-nutricionista,Aguardando redesign individual,,D:\LEONARDO\Drive\Projetos\funil-comercial\prospeccao-ativa-2026-07-22\prints\dra-andressa-rodrigues-nutricionista-maps.png,D:\LEONARDO\Drive\Projetos\funil-comercial\prospeccao-ativa-2026-07-22\prints\dra-andressa-rodrigues-nutricionista-desktop.png,D:\LEONARDO\Drive\Projetos\funil-comercial\prospeccao-ativa-2026-07-22\prints\dra-andressa-rodrigues-nutricionista-mobile.png,https://wa.me/554788334600,LEAD_QUALIFICADO_AGUARDANDO_REDESIGN_INDIVIDUAL,"Sem envio automático; URL curta permanece vazia até redesign individual.","Oi, Andressa! Vi seu site de nutricionista em Itajaí - SC, com Nutricionista; atendimento informado no site atual. Também notei que a página atual usa site simples e poderia deixar WhatsApp, autoridade e agendamento mais claros: [INSERIR_LINK_DO_REDESIGN_APOS_CRIACAO]","Andressa, resumindo: a ideia é transformar seu site atual em uma página mais moderna, clara e focada em agendamentos pelo WhatsApp.

(envie a imagem da proposta aqui)

Valor único: R$497
Hospedagem/manutenção: R$37,90 por mês

Isso inclui a página responsiva, ajustes finais e publicação no domínio definitivo.","Oi, Andressa! Passando pra saber se você chegou a ver o site novo que te mandei.

Se tiver algo que você mudaria, uma cor, um texto, uma foto, eu ajusto pra ficar do seu jeito. 😊","Oi, Andressa! Só pra deixar claro, esse é o trabalho que eu faço, ajudo profissionais como você a terem um site que traz mais pacientes, clientes ou consultas e passa mais autoridade.

Fiz o seu como demonstração, sem compromisso.

Se fizer sentido, te explico como deixar ele no ar. Quer que eu te mande os detalhes?","Oi, Andressa! Imagino que a correria da agenda tenha falado mais alto, sem problema.

Vou deixar o link no ar por mais 24 horas.

Se um dia quiser colocar no ar, é só me chamar que retomo na hora.

Sucesso, viu! 🙌"
2026-07-22,3,Nutricionista,Balneário Camboriú - SC,Lara Liz,não verificado,não verificado,não encontrado no site público,,https://nutrilaraliz.com.br/,https://www.google.com/maps/search/?api=1&query=Lara%20Liz%20Nutricionista%20Balne%C3%A1rio%20Cambori%C3%BA%20-%20SC,"Nutricionista em Balneário Camboriú - SC com URL válida, contato público e site simples; há conteúdo real aproveitável, mas a apresentação atual pode ganhar mais hierarquia, autoridade e CTA direto.","Site atual é redesenhável: site simples, hierarquia comercial limitada, CTA/WhatsApp pouco dominante e conteúdo distribuído sem foco claro de conversão. Futuro redesign pode abrir com especialidade, prova social, serviços confirmados e agendamento direto.","Site informa: Lara Liz; Nutrição comportamental; online e presencial; acompanhamento por WhatsApp; depoimentos de pacientes.","Nutricionista; atendimento informado no site atual","Prova social não verificada em Maps nesta captura; credenciais, CRP/CRN, depoimentos ou experiência citados quando presentes no site.","Site simples com textos, fotos e identidade atual a preservar.","Prints desktop/mobile capturados; manter identidade e informações principais.",lara-liz-nutricionista,Aguardando redesign individual,,D:\LEONARDO\Drive\Projetos\funil-comercial\prospeccao-ativa-2026-07-22\prints\lara-liz-nutricionista-maps.png,D:\LEONARDO\Drive\Projetos\funil-comercial\prospeccao-ativa-2026-07-22\prints\lara-liz-nutricionista-desktop.png,D:\LEONARDO\Drive\Projetos\funil-comercial\prospeccao-ativa-2026-07-22\prints\lara-liz-nutricionista-mobile.png,,LEAD_QUALIFICADO_AGUARDANDO_REDESIGN_INDIVIDUAL,"Sem envio automático; URL curta permanece vazia até redesign individual.","Oi, Lara! Vi seu site de nutricionista em Balneário Camboriú - SC, com Nutricionista; atendimento informado no site atual. Também notei que a página atual usa site simples e poderia deixar WhatsApp, autoridade e agendamento mais claros: [INSERIR_LINK_DO_REDESIGN_APOS_CRIACAO]","Lara, resumindo: a ideia é transformar seu site atual em uma página mais moderna, clara e focada em agendamentos pelo WhatsApp.

(envie a imagem da proposta aqui)

Valor único: R$497
Hospedagem/manutenção: R$37,90 por mês

Isso inclui a página responsiva, ajustes finais e publicação no domínio definitivo.","Oi, Lara! Passando pra saber se você chegou a ver o site novo que te mandei.

Se tiver algo que você mudaria, uma cor, um texto, uma foto, eu ajusto pra ficar do seu jeito. 😊","Oi, Lara! Só pra deixar claro, esse é o trabalho que eu faço, ajudo profissionais como você a terem um site que traz mais pacientes, clientes ou consultas e passa mais autoridade.

Fiz o seu como demonstração, sem compromisso.

Se fizer sentido, te explico como deixar ele no ar. Quer que eu te mande os detalhes?","Oi, Lara! Imagino que a correria da agenda tenha falado mais alto, sem problema.

Vou deixar o link no ar por mais 24 horas.

Se um dia quiser colocar no ar, é só me chamar que retomo na hora.

Sucesso, viu! 🙌"
2026-07-22,4,Nutricionista,Balneário Camboriú - SC,Elisa Melo,não verificado,não verificado,(47) 99950-5265,+5547999505265,https://nutri-elisamelo.my.canva.site/,https://www.google.com/maps/search/?api=1&query=Elisa%20Melo%20Nutricionista%20Balne%C3%A1rio%20Cambori%C3%BA%20-%20SC,"Nutricionista em Balneário Camboriú - SC com URL válida, contato público e site Canva; há conteúdo real aproveitável, mas a apresentação atual pode ganhar mais hierarquia, autoridade e CTA direto.","Site atual é redesenhável: site Canva, hierarquia comercial limitada, CTA/WhatsApp pouco dominante e conteúdo distribuído sem foco claro de conversão. Futuro redesign pode abrir com especialidade, prova social, serviços confirmados e agendamento direto.","Site informa: Elisa Melo; Nutrição materno-infantil; assistência via WhatsApp; endereço Rua 3100, Sala 02, Centro.","Nutricionista; atendimento informado no site atual","Prova social não verificada em Maps nesta captura; credenciais, CRP/CRN, depoimentos ou experiência citados quando presentes no site.","Página Canva, visual de peça única, cores/fotos e informações principais aproveitáveis.","Prints desktop/mobile capturados; manter identidade e informações principais.",elisa-melo-nutricionista,Aguardando redesign individual,,D:\LEONARDO\Drive\Projetos\funil-comercial\prospeccao-ativa-2026-07-22\prints\elisa-melo-nutricionista-maps.png,D:\LEONARDO\Drive\Projetos\funil-comercial\prospeccao-ativa-2026-07-22\prints\elisa-melo-nutricionista-desktop.png,D:\LEONARDO\Drive\Projetos\funil-comercial\prospeccao-ativa-2026-07-22\prints\elisa-melo-nutricionista-mobile.png,https://wa.me/5547999505265,LEAD_QUALIFICADO_AGUARDANDO_REDESIGN_INDIVIDUAL,"Sem envio automático; URL curta permanece vazia até redesign individual.","Oi, Elisa! Vi seu site de nutricionista em Balneário Camboriú - SC, com Nutricionista; atendimento informado no site atual. Também notei que a página atual usa site Canva e poderia deixar WhatsApp, autoridade e agendamento mais claros: [INSERIR_LINK_DO_REDESIGN_APOS_CRIACAO]","Elisa, resumindo: a ideia é transformar seu site atual em uma página mais moderna, clara e focada em agendamentos pelo WhatsApp.

(envie a imagem da proposta aqui)

Valor único: R$497
Hospedagem/manutenção: R$37,90 por mês

Isso inclui a página responsiva, ajustes finais e publicação no domínio definitivo.","Oi, Elisa! Passando pra saber se você chegou a ver o site novo que te mandei.

Se tiver algo que você mudaria, uma cor, um texto, uma foto, eu ajusto pra ficar do seu jeito. 😊","Oi, Elisa! Só pra deixar claro, esse é o trabalho que eu faço, ajudo profissionais como você a terem um site que traz mais pacientes, clientes ou consultas e passa mais autoridade.

Fiz o seu como demonstração, sem compromisso.

Se fizer sentido, te explico como deixar ele no ar. Quer que eu te mande os detalhes?","Oi, Elisa! Imagino que a correria da agenda tenha falado mais alto, sem problema.

Vou deixar o link no ar por mais 24 horas.

Se um dia quiser colocar no ar, é só me chamar que retomo na hora.

Sucesso, viu! 🙌"
2026-07-22,5,Nutricionista,Itajaí - SC,Thaís Oliveira,não verificado,não verificado,(47) 99966-3864,+5547999663864,https://www.thaissoliveira.com.br/,https://www.google.com/maps/search/?api=1&query=Tha%C3%ADs%20Oliveira%20Nutricionista%20Itaja%C3%AD%20-%20SC,"Nutricionista em Itajaí - SC com URL válida, contato público e site simples; há conteúdo real aproveitável, mas a apresentação atual pode ganhar mais hierarquia, autoridade e CTA direto.","Site atual é redesenhável: site simples, hierarquia comercial limitada, CTA/WhatsApp pouco dominante e conteúdo distribuído sem foco claro de conversão. Futuro redesign pode abrir com especialidade, prova social, serviços confirmados e agendamento direto.","Site informa: Thaís Oliveira; Nutrição clínica integrativa; nutrição estética; esportiva; modulação intestinal; fitoterapia; terapias complementares.","nutrição clínica; fitoterapia","Prova social não verificada em Maps nesta captura; credenciais, CRP/CRN, depoimentos ou experiência citados quando presentes no site.","Site simples com textos, fotos e identidade atual a preservar.","Prints desktop/mobile capturados; manter identidade e informações principais.",thais-oliveira-nutricionista,Aguardando redesign individual,,D:\LEONARDO\Drive\Projetos\funil-comercial\prospeccao-ativa-2026-07-22\prints\thais-oliveira-nutricionista-maps.png,D:\LEONARDO\Drive\Projetos\funil-comercial\prospeccao-ativa-2026-07-22\prints\thais-oliveira-nutricionista-desktop.png,D:\LEONARDO\Drive\Projetos\funil-comercial\prospeccao-ativa-2026-07-22\prints\thais-oliveira-nutricionista-mobile.png,https://wa.me/5547999663864,LEAD_QUALIFICADO_AGUARDANDO_REDESIGN_INDIVIDUAL,"Sem envio automático; URL curta permanece vazia até redesign individual.","Oi, Thaís! Vi seu site de nutricionista em Itajaí - SC, com nutrição clínica; fitoterapia. Também notei que a página atual usa site simples e poderia deixar WhatsApp, autoridade e agendamento mais claros: [INSERIR_LINK_DO_REDESIGN_APOS_CRIACAO]","Thaís, resumindo: a ideia é transformar seu site atual em uma página mais moderna, clara e focada em agendamentos pelo WhatsApp.

(envie a imagem da proposta aqui)

Valor único: R$497
Hospedagem/manutenção: R$37,90 por mês

Isso inclui a página responsiva, ajustes finais e publicação no domínio definitivo.","Oi, Thaís! Passando pra saber se você chegou a ver o site novo que te mandei.

Se tiver algo que você mudaria, uma cor, um texto, uma foto, eu ajusto pra ficar do seu jeito. 😊","Oi, Thaís! Só pra deixar claro, esse é o trabalho que eu faço, ajudo profissionais como você a terem um site que traz mais pacientes, clientes ou consultas e passa mais autoridade.

Fiz o seu como demonstração, sem compromisso.

Se fizer sentido, te explico como deixar ele no ar. Quer que eu te mande os detalhes?","Oi, Thaís! Imagino que a correria da agenda tenha falado mais alto, sem problema.

Vou deixar o link no ar por mais 24 horas.

Se um dia quiser colocar no ar, é só me chamar que retomo na hora.

Sucesso, viu! 🙌"
2026-07-22,6,Nutricionista,Itajaí - SC,Rúbia Thomé,"5,0",52+,+55 47 99609-0984,+5547996090984,https://nutricao.info/rubiathome?utm_medium=social&utm_source=heylink.me,https://www.google.com/maps/search/?api=1&query=R%C3%BAbia%20Thom%C3%A9%20Nutricionista%20Itaja%C3%AD%20-%20SC,"Nutricionista em Itajaí - SC com URL válida, contato público e site simples; há conteúdo real aproveitável, mas a apresentação atual pode ganhar mais hierarquia, autoridade e CTA direto.","Site atual é redesenhável: site simples, hierarquia comercial limitada, CTA/WhatsApp pouco dominante e conteúdo distribuído sem foco claro de conversão. Futuro redesign pode abrir com especialidade, prova social, serviços confirmados e agendamento direto.","Site informa: Rúbia Thomé; Nutrição esportiva; fitoterapia; emagrecimento; condicionamento físico; avaliação física ISAK; atendimento em Itajaí.","emagrecimento; nutrição esportiva; fitoterapia","5,0 / 52+ avaliações informadas em fonte pública ou busca.","Site simples com textos, fotos e identidade atual a preservar.","Prints desktop/mobile capturados; manter identidade e informações principais.",rubia-thome-nutricionista,Aguardando redesign individual,,D:\LEONARDO\Drive\Projetos\funil-comercial\prospeccao-ativa-2026-07-22\prints\rubia-thome-nutricionista-maps.png,D:\LEONARDO\Drive\Projetos\funil-comercial\prospeccao-ativa-2026-07-22\prints\rubia-thome-nutricionista-desktop.png,D:\LEONARDO\Drive\Projetos\funil-comercial\prospeccao-ativa-2026-07-22\prints\rubia-thome-nutricionista-mobile.png,https://wa.me/5547996090984,LEAD_QUALIFICADO_AGUARDANDO_REDESIGN_INDIVIDUAL,"Sem envio automático; URL curta permanece vazia até redesign individual.","Oi, Rúbia! Vi seu site de nutricionista em Itajaí - SC, com emagrecimento; nutrição esportiva; fitoterapia. Também notei que a página atual usa site simples e poderia deixar WhatsApp, autoridade e agendamento mais claros: [INSERIR_LINK_DO_REDESIGN_APOS_CRIACAO]","Rúbia, resumindo: a ideia é transformar seu site atual em uma página mais moderna, clara e focada em agendamentos pelo WhatsApp.

(envie a imagem da proposta aqui)

Valor único: R$497
Hospedagem/manutenção: R$37,90 por mês

Isso inclui a página responsiva, ajustes finais e publicação no domínio definitivo.","Oi, Rúbia! Passando pra saber se você chegou a ver o site novo que te mandei.

Se tiver algo que você mudaria, uma cor, um texto, uma foto, eu ajusto pra ficar do seu jeito. 😊","Oi, Rúbia! Só pra deixar claro, esse é o trabalho que eu faço, ajudo profissionais como você a terem um site que traz mais pacientes, clientes ou consultas e passa mais autoridade.

Fiz o seu como demonstração, sem compromisso.

Se fizer sentido, te explico como deixar ele no ar. Quer que eu te mande os detalhes?","Oi, Rúbia! Imagino que a correria da agenda tenha falado mais alto, sem problema.

Vou deixar o link no ar por mais 24 horas.

Se um dia quiser colocar no ar, é só me chamar que retomo na hora.

Sucesso, viu! 🙌"
2026-07-22,7,Nutricionista,Blumenau - SC,Bárbara Sant’Ana,não verificado,não verificado,WhatsApp via formulário do site,,https://nutribarbarasantana.com.br/,https://www.google.com/maps/search/?api=1&query=B%C3%A1rbara%20Sant%E2%80%99Ana%20Nutricionista%20Blumenau%20-%20SC,"Nutricionista em Blumenau - SC com URL válida, contato público e site simples; há conteúdo real aproveitável, mas a apresentação atual pode ganhar mais hierarquia, autoridade e CTA direto.","Site atual é redesenhável: site simples, hierarquia comercial limitada, CTA/WhatsApp pouco dominante e conteúdo distribuído sem foco claro de conversão. Futuro redesign pode abrir com especialidade, prova social, serviços confirmados e agendamento direto.","Site informa: Bárbara Sant’Ana; Nutrição acolhedora, integrativa e personalizada; atendimentos em Blumenau e online; depoimentos reais.","Nutricionista; atendimento informado no site atual","Prova social não verificada em Maps nesta captura; credenciais, CRP/CRN, depoimentos ou experiência citados quando presentes no site.","Site simples com textos, fotos e identidade atual a preservar.","Prints desktop/mobile capturados; manter identidade e informações principais.",barbara-sant-ana-nutricionista,Aguardando redesign individual,,D:\LEONARDO\Drive\Projetos\funil-comercial\prospeccao-ativa-2026-07-22\prints\barbara-sant-ana-nutricionista-maps.png,D:\LEONARDO\Drive\Projetos\funil-comercial\prospeccao-ativa-2026-07-22\prints\barbara-sant-ana-nutricionista-desktop.png,D:\LEONARDO\Drive\Projetos\funil-comercial\prospeccao-ativa-2026-07-22\prints\barbara-sant-ana-nutricionista-mobile.png,,LEAD_QUALIFICADO_AGUARDANDO_REDESIGN_INDIVIDUAL,"Sem envio automático; URL curta permanece vazia até redesign individual.","Oi, Bárbara! Vi seu site de nutricionista em Blumenau - SC, com Nutricionista; atendimento informado no site atual. Também notei que a página atual usa site simples e poderia deixar WhatsApp, autoridade e agendamento mais claros: [INSERIR_LINK_DO_REDESIGN_APOS_CRIACAO]","Bárbara, resumindo: a ideia é transformar seu site atual em uma página mais moderna, clara e focada em agendamentos pelo WhatsApp.

(envie a imagem da proposta aqui)

Valor único: R$497
Hospedagem/manutenção: R$37,90 por mês

Isso inclui a página responsiva, ajustes finais e publicação no domínio definitivo.","Oi, Bárbara! Passando pra saber se você chegou a ver o site novo que te mandei.

Se tiver algo que você mudaria, uma cor, um texto, uma foto, eu ajusto pra ficar do seu jeito. 😊","Oi, Bárbara! Só pra deixar claro, esse é o trabalho que eu faço, ajudo profissionais como você a terem um site que traz mais pacientes, clientes ou consultas e passa mais autoridade.

Fiz o seu como demonstração, sem compromisso.

Se fizer sentido, te explico como deixar ele no ar. Quer que eu te mande os detalhes?","Oi, Bárbara! Imagino que a correria da agenda tenha falado mais alto, sem problema.

Vou deixar o link no ar por mais 24 horas.

Se um dia quiser colocar no ar, é só me chamar que retomo na hora.

Sucesso, viu! 🙌"
2026-07-22,8,Nutricionista,Blumenau - SC,Maju Souza,não verificado,não verificado,WhatsApp citado no site,,https://nutrimajusouza.com/,https://www.google.com/maps/search/?api=1&query=Maju%20Souza%20Nutricionista%20Blumenau%20-%20SC,"Nutricionista em Blumenau - SC com URL válida, contato público e site simples; há conteúdo real aproveitável, mas a apresentação atual pode ganhar mais hierarquia, autoridade e CTA direto.","Site atual é redesenhável: site simples, hierarquia comercial limitada, CTA/WhatsApp pouco dominante e conteúdo distribuído sem foco claro de conversão. Futuro redesign pode abrir com especialidade, prova social, serviços confirmados e agendamento direto.","Site informa: Maju Souza; Consulta nutricional; plano alimentar; suporte diário via WhatsApp durante 6 semanas; atendimento presencial e online.","plano alimentar; atendimento presencial","Prova social não verificada em Maps nesta captura; credenciais, CRP/CRN, depoimentos ou experiência citados quando presentes no site.","Site simples com textos, fotos e identidade atual a preservar.","Prints desktop/mobile capturados; manter identidade e informações principais.",maju-souza-nutricionista,Aguardando redesign individual,,D:\LEONARDO\Drive\Projetos\funil-comercial\prospeccao-ativa-2026-07-22\prints\maju-souza-nutricionista-maps.png,D:\LEONARDO\Drive\Projetos\funil-comercial\prospeccao-ativa-2026-07-22\prints\maju-souza-nutricionista-desktop.png,D:\LEONARDO\Drive\Projetos\funil-comercial\prospeccao-ativa-2026-07-22\prints\maju-souza-nutricionista-mobile.png,,LEAD_QUALIFICADO_AGUARDANDO_REDESIGN_INDIVIDUAL,"Sem envio automático; URL curta permanece vazia até redesign individual.","Oi, Maju! Vi seu site de nutricionista em Blumenau - SC, com plano alimentar; atendimento presencial. Também notei que a página atual usa site simples e poderia deixar WhatsApp, autoridade e agendamento mais claros: [INSERIR_LINK_DO_REDESIGN_APOS_CRIACAO]","Maju, resumindo: a ideia é transformar seu site atual em uma página mais moderna, clara e focada em agendamentos pelo WhatsApp.

(envie a imagem da proposta aqui)

Valor único: R$497
Hospedagem/manutenção: R$37,90 por mês

Isso inclui a página responsiva, ajustes finais e publicação no domínio definitivo.","Oi, Maju! Passando pra saber se você chegou a ver o site novo que te mandei.

Se tiver algo que você mudaria, uma cor, um texto, uma foto, eu ajusto pra ficar do seu jeito. 😊","Oi, Maju! Só pra deixar claro, esse é o trabalho que eu faço, ajudo profissionais como você a terem um site que traz mais pacientes, clientes ou consultas e passa mais autoridade.

Fiz o seu como demonstração, sem compromisso.

Se fizer sentido, te explico como deixar ele no ar. Quer que eu te mande os detalhes?","Oi, Maju! Imagino que a correria da agenda tenha falado mais alto, sem problema.

Vou deixar o link no ar por mais 24 horas.

Se um dia quiser colocar no ar, é só me chamar que retomo na hora.

Sucesso, viu! 🙌"
2026-07-22,9,Nutricionista,Blumenau - SC,Bruna Maria Vieira,não verificado,não verificado,não encontrado no site público,,https://www.nutricionistabruna.com.br/,https://www.google.com/maps/search/?api=1&query=Bruna%20Maria%20Vieira%20Nutricionista%20Blumenau%20-%20SC,"Nutricionista em Blumenau - SC com URL válida, contato público e site simples; há conteúdo real aproveitável, mas a apresentação atual pode ganhar mais hierarquia, autoridade e CTA direto.","Site atual é redesenhável: site simples, hierarquia comercial limitada, CTA/WhatsApp pouco dominante e conteúdo distribuído sem foco claro de conversão. Futuro redesign pode abrir com especialidade, prova social, serviços confirmados e agendamento direto.","Site informa: Bruna Maria Vieira; Nutrição para emagrecimento; desempenho esportivo; atendimento online e presencial em Blumenau.","emagrecimento; atendimento online","Prova social não verificada em Maps nesta captura; credenciais, CRP/CRN, depoimentos ou experiência citados quando presentes no site.","Site simples com textos, fotos e identidade atual a preservar.","Prints desktop/mobile capturados; manter identidade e informações principais.",bruna-maria-vieira-nutricionista,Aguardando redesign individual,,D:\LEONARDO\Drive\Projetos\funil-comercial\prospeccao-ativa-2026-07-22\prints\bruna-maria-vieira-nutricionista-maps.png,D:\LEONARDO\Drive\Projetos\funil-comercial\prospeccao-ativa-2026-07-22\prints\bruna-maria-vieira-nutricionista-desktop.png,D:\LEONARDO\Drive\Projetos\funil-comercial\prospeccao-ativa-2026-07-22\prints\bruna-maria-vieira-nutricionista-mobile.png,,LEAD_QUALIFICADO_AGUARDANDO_REDESIGN_INDIVIDUAL,"Sem envio automático; URL curta permanece vazia até redesign individual.","Oi, Bruna! Vi seu site de nutricionista em Blumenau - SC, com emagrecimento; atendimento online. Também notei que a página atual usa site simples e poderia deixar WhatsApp, autoridade e agendamento mais claros: [INSERIR_LINK_DO_REDESIGN_APOS_CRIACAO]","Bruna, resumindo: a ideia é transformar seu site atual em uma página mais moderna, clara e focada em agendamentos pelo WhatsApp.

(envie a imagem da proposta aqui)

Valor único: R$497
Hospedagem/manutenção: R$37,90 por mês

Isso inclui a página responsiva, ajustes finais e publicação no domínio definitivo.","Oi, Bruna! Passando pra saber se você chegou a ver o site novo que te mandei.

Se tiver algo que você mudaria, uma cor, um texto, uma foto, eu ajusto pra ficar do seu jeito. 😊","Oi, Bruna! Só pra deixar claro, esse é o trabalho que eu faço, ajudo profissionais como você a terem um site que traz mais pacientes, clientes ou consultas e passa mais autoridade.

Fiz o seu como demonstração, sem compromisso.

Se fizer sentido, te explico como deixar ele no ar. Quer que eu te mande os detalhes?","Oi, Bruna! Imagino que a correria da agenda tenha falado mais alto, sem problema.

Vou deixar o link no ar por mais 24 horas.

Se um dia quiser colocar no ar, é só me chamar que retomo na hora.

Sucesso, viu! 🙌"
2026-07-22,10,Psicóloga,Campinas - SP,Betsabe Oliveira,não verificado,não verificado,997.017.828,,https://betsabeam.wixsite.com/psicologa,https://www.google.com/maps/search/?api=1&query=Betsabe%20Oliveira%20Psic%C3%B3loga%20Campinas%20-%20SP,"Psicóloga em Campinas - SP com URL válida, contato público e site Wix; há conteúdo real aproveitável, mas a apresentação atual pode ganhar mais hierarquia, autoridade e CTA direto.","Site atual é redesenhável: site Wix, hierarquia comercial limitada, CTA/WhatsApp pouco dominante e conteúdo distribuído sem foco claro de conversão. Futuro redesign pode abrir com especialidade, prova social, serviços confirmados e agendamento direto.","Site informa: Betsabe Oliveira; Psicóloga Campinas; endereço Rua Frei Manoel da Ressurreição 974 Guanabara; telefone também pelo WhatsApp.","Psicóloga; atendimento informado no site atual","Prova social não verificada em Maps nesta captura; credenciais, CRP/CRN, depoimentos ou experiência citados quando presentes no site.","Wix antigo/simples, fotos e textos do site atual, identidade básica aproveitável.","Prints desktop/mobile capturados; manter identidade e informações principais.",betsabe-oliveira-psicologa,Aguardando redesign individual,,D:\LEONARDO\Drive\Projetos\funil-comercial\prospeccao-ativa-2026-07-22\prints\betsabe-oliveira-psicologa-maps.png,D:\LEONARDO\Drive\Projetos\funil-comercial\prospeccao-ativa-2026-07-22\prints\betsabe-oliveira-psicologa-desktop.png,D:\LEONARDO\Drive\Projetos\funil-comercial\prospeccao-ativa-2026-07-22\prints\betsabe-oliveira-psicologa-mobile.png,,LEAD_QUALIFICADO_AGUARDANDO_REDESIGN_INDIVIDUAL,"Sem envio automático; URL curta permanece vazia até redesign individual.","Oi, Betsabe! Vi seu site de psicóloga em Campinas - SP, com Psicóloga; atendimento informado no site atual. Também notei que a página atual usa site Wix e poderia deixar WhatsApp, autoridade e agendamento mais claros: [INSERIR_LINK_DO_REDESIGN_APOS_CRIACAO]","Betsabe, resumindo: a ideia é transformar seu site atual em uma página mais moderna, clara e focada em agendamentos pelo WhatsApp.

(envie a imagem da proposta aqui)

Valor único: R$497
Hospedagem/manutenção: R$37,90 por mês

Isso inclui a página responsiva, ajustes finais e publicação no domínio definitivo.","Oi, Betsabe! Passando pra saber se você chegou a ver o site novo que te mandei.

Se tiver algo que você mudaria, uma cor, um texto, uma foto, eu ajusto pra ficar do seu jeito. 😊","Oi, Betsabe! Só pra deixar claro, esse é o trabalho que eu faço, ajudo profissionais como você a terem um site que traz mais pacientes, clientes ou consultas e passa mais autoridade.

Fiz o seu como demonstração, sem compromisso.

Se fizer sentido, te explico como deixar ele no ar. Quer que eu te mande os detalhes?","Oi, Betsabe! Imagino que a correria da agenda tenha falado mais alto, sem problema.

Vou deixar o link no ar por mais 24 horas.

Se um dia quiser colocar no ar, é só me chamar que retomo na hora.

Sucesso, viu! 🙌"
2026-07-22,11,Psicóloga,Campinas - SP,Patricia Sacchi,não verificado,não verificado,(19) 98103-4861,+5519981034861,https://patriciasacchi.wixsite.com/psicologapatriciads,https://www.google.com/maps/search/?api=1&query=Patricia%20Sacchi%20Psic%C3%B3loga%20Campinas%20-%20SP,"Psicóloga em Campinas - SP com URL válida, contato público e site Wix; há conteúdo real aproveitável, mas a apresentação atual pode ganhar mais hierarquia, autoridade e CTA direto.","Site atual é redesenhável: site Wix, hierarquia comercial limitada, CTA/WhatsApp pouco dominante e conteúdo distribuído sem foco claro de conversão. Futuro redesign pode abrir com especialidade, prova social, serviços confirmados e agendamento direto.","Site informa: Patricia Sacchi; CRP 06/117032; psicoterapia online e individual; atendimento Campinas; Jardim Chapadão e Jardim Guanabara.",psicoterapia,"Prova social não verificada em Maps nesta captura; credenciais, CRP/CRN, depoimentos ou experiência citados quando presentes no site.","Wix antigo/simples, fotos e textos do site atual, identidade básica aproveitável.","Prints desktop/mobile capturados; manter identidade e informações principais.",patricia-sacchi-psicologa,Aguardando redesign individual,,D:\LEONARDO\Drive\Projetos\funil-comercial\prospeccao-ativa-2026-07-22\prints\patricia-sacchi-psicologa-maps.png,D:\LEONARDO\Drive\Projetos\funil-comercial\prospeccao-ativa-2026-07-22\prints\patricia-sacchi-psicologa-desktop.png,D:\LEONARDO\Drive\Projetos\funil-comercial\prospeccao-ativa-2026-07-22\prints\patricia-sacchi-psicologa-mobile.png,https://wa.me/5519981034861,LEAD_QUALIFICADO_AGUARDANDO_REDESIGN_INDIVIDUAL,"Sem envio automático; URL curta permanece vazia até redesign individual.","Oi, Patricia! Vi seu site de psicóloga em Campinas - SP, com psicoterapia. Também notei que a página atual usa site Wix e poderia deixar WhatsApp, autoridade e agendamento mais claros: [INSERIR_LINK_DO_REDESIGN_APOS_CRIACAO]","Patricia, resumindo: a ideia é transformar seu site atual em uma página mais moderna, clara e focada em agendamentos pelo WhatsApp.

(envie a imagem da proposta aqui)

Valor único: R$497
Hospedagem/manutenção: R$37,90 por mês

Isso inclui a página responsiva, ajustes finais e publicação no domínio definitivo.","Oi, Patricia! Passando pra saber se você chegou a ver o site novo que te mandei.

Se tiver algo que você mudaria, uma cor, um texto, uma foto, eu ajusto pra ficar do seu jeito. 😊","Oi, Patricia! Só pra deixar claro, esse é o trabalho que eu faço, ajudo profissionais como você a terem um site que traz mais pacientes, clientes ou consultas e passa mais autoridade.

Fiz o seu como demonstração, sem compromisso.

Se fizer sentido, te explico como deixar ele no ar. Quer que eu te mande os detalhes?","Oi, Patricia! Imagino que a correria da agenda tenha falado mais alto, sem problema.

Vou deixar o link no ar por mais 24 horas.

Se um dia quiser colocar no ar, é só me chamar que retomo na hora.

Sucesso, viu! 🙌"
2026-07-22,12,Psicóloga,Campinas - SP,Talita de Fátima Rodrigues,não verificado,não verificado,(19) 99966-4326,+5519999664326,https://psitalitarodrigues.wixsite.com/site,https://www.google.com/maps/search/?api=1&query=Talita%20de%20F%C3%A1tima%20Rodrigues%20Psic%C3%B3loga%20Campinas%20-%20SP,"Psicóloga em Campinas - SP com URL válida, contato público e site Wix; há conteúdo real aproveitável, mas a apresentação atual pode ganhar mais hierarquia, autoridade e CTA direto.","Site atual é redesenhável: site Wix, hierarquia comercial limitada, CTA/WhatsApp pouco dominante e conteúdo distribuído sem foco claro de conversão. Futuro redesign pode abrir com especialidade, prova social, serviços confirmados e agendamento direto.","Site informa: Talita de Fátima Rodrigues; CRP 06/166849; adolescência e juventude; atendimento online e presencial; plantão para vestibulandos; orientação profissional; luto.","atendimento online; orientação profissional; luto","Prova social não verificada em Maps nesta captura; credenciais, CRP/CRN, depoimentos ou experiência citados quando presentes no site.","Wix antigo/simples, fotos e textos do site atual, identidade básica aproveitável.","Prints desktop/mobile capturados; manter identidade e informações principais.",talita-de-fatima-rodrigues-psicologa,Aguardando redesign individual,,D:\LEONARDO\Drive\Projetos\funil-comercial\prospeccao-ativa-2026-07-22\prints\talita-de-fatima-rodrigues-psicologa-maps.png,D:\LEONARDO\Drive\Projetos\funil-comercial\prospeccao-ativa-2026-07-22\prints\talita-de-fatima-rodrigues-psicologa-desktop.png,D:\LEONARDO\Drive\Projetos\funil-comercial\prospeccao-ativa-2026-07-22\prints\talita-de-fatima-rodrigues-psicologa-mobile.png,https://wa.me/5519999664326,LEAD_QUALIFICADO_AGUARDANDO_REDESIGN_INDIVIDUAL,"Sem envio automático; URL curta permanece vazia até redesign individual.","Oi, Talita! Vi seu site de psicóloga em Campinas - SP, com atendimento online; orientação profissional; luto. Também notei que a página atual usa site Wix e poderia deixar WhatsApp, autoridade e agendamento mais claros: [INSERIR_LINK_DO_REDESIGN_APOS_CRIACAO]","Talita, resumindo: a ideia é transformar seu site atual em uma página mais moderna, clara e focada em agendamentos pelo WhatsApp.

(envie a imagem da proposta aqui)

Valor único: R$497
Hospedagem/manutenção: R$37,90 por mês

Isso inclui a página responsiva, ajustes finais e publicação no domínio definitivo.","Oi, Talita! Passando pra saber se você chegou a ver o site novo que te mandei.

Se tiver algo que você mudaria, uma cor, um texto, uma foto, eu ajusto pra ficar do seu jeito. 😊","Oi, Talita! Só pra deixar claro, esse é o trabalho que eu faço, ajudo profissionais como você a terem um site que traz mais pacientes, clientes ou consultas e passa mais autoridade.

Fiz o seu como demonstração, sem compromisso.

Se fizer sentido, te explico como deixar ele no ar. Quer que eu te mande os detalhes?","Oi, Talita! Imagino que a correria da agenda tenha falado mais alto, sem problema.

Vou deixar o link no ar por mais 24 horas.

Se um dia quiser colocar no ar, é só me chamar que retomo na hora.

Sucesso, viu! 🙌"
2026-07-22,13,Psicóloga,Campinas - SP,Beatriz Canesin,não verificado,não verificado,19 98142-9916,+5519981429916,https://biacanesin.my.canva.site/,https://www.google.com/maps/search/?api=1&query=Beatriz%20Canesin%20Psic%C3%B3loga%20Campinas%20-%20SP,"Psicóloga em Campinas - SP com URL válida, contato público e site Canva; há conteúdo real aproveitável, mas a apresentação atual pode ganhar mais hierarquia, autoridade e CTA direto.","Site atual é redesenhável: site Canva, hierarquia comercial limitada, CTA/WhatsApp pouco dominante e conteúdo distribuído sem foco claro de conversão. Futuro redesign pode abrir com especialidade, prova social, serviços confirmados e agendamento direto.","Site informa: Beatriz Canesin; Psicologia; atuação em negócios e gestão; comunicação, hierarquia, tomada de decisões e liderança; contato público.","Psicóloga; atendimento informado no site atual","Prova social não verificada em Maps nesta captura; credenciais, CRP/CRN, depoimentos ou experiência citados quando presentes no site.","Página Canva, visual de peça única, cores/fotos e informações principais aproveitáveis.","Prints desktop/mobile capturados; manter identidade e informações principais.",beatriz-canesin-psicologa,Aguardando redesign individual,,D:\LEONARDO\Drive\Projetos\funil-comercial\prospeccao-ativa-2026-07-22\prints\beatriz-canesin-psicologa-maps.png,D:\LEONARDO\Drive\Projetos\funil-comercial\prospeccao-ativa-2026-07-22\prints\beatriz-canesin-psicologa-desktop.png,D:\LEONARDO\Drive\Projetos\funil-comercial\prospeccao-ativa-2026-07-22\prints\beatriz-canesin-psicologa-mobile.png,https://wa.me/5519981429916,LEAD_QUALIFICADO_AGUARDANDO_REDESIGN_INDIVIDUAL,"Sem envio automático; URL curta permanece vazia até redesign individual.","Oi, Beatriz! Vi seu site de psicóloga em Campinas - SP, com Psicóloga; atendimento informado no site atual. Também notei que a página atual usa site Canva e poderia deixar WhatsApp, autoridade e agendamento mais claros: [INSERIR_LINK_DO_REDESIGN_APOS_CRIACAO]","Beatriz, resumindo: a ideia é transformar seu site atual em uma página mais moderna, clara e focada em agendamentos pelo WhatsApp.

(envie a imagem da proposta aqui)

Valor único: R$497
Hospedagem/manutenção: R$37,90 por mês

Isso inclui a página responsiva, ajustes finais e publicação no domínio definitivo.","Oi, Beatriz! Passando pra saber se você chegou a ver o site novo que te mandei.

Se tiver algo que você mudaria, uma cor, um texto, uma foto, eu ajusto pra ficar do seu jeito. 😊","Oi, Beatriz! Só pra deixar claro, esse é o trabalho que eu faço, ajudo profissionais como você a terem um site que traz mais pacientes, clientes ou consultas e passa mais autoridade.

Fiz o seu como demonstração, sem compromisso.

Se fizer sentido, te explico como deixar ele no ar. Quer que eu te mande os detalhes?","Oi, Beatriz! Imagino que a correria da agenda tenha falado mais alto, sem problema.

Vou deixar o link no ar por mais 24 horas.

Se um dia quiser colocar no ar, é só me chamar que retomo na hora.

Sucesso, viu! 🙌"
2026-07-22,14,Psicóloga,Florianópolis - SC,Bruna L. Kluge,não verificado,não verificado,+55 (48) 99845-2612,+5548998452612,https://psibrunakluge.wixsite.com/website,https://www.google.com/maps/search/?api=1&query=Bruna%20L.%20Kluge%20Psic%C3%B3loga%20Florian%C3%B3polis%20-%20SC,"Psicóloga em Florianópolis - SC com URL válida, contato público e site Wix; há conteúdo real aproveitável, mas a apresentação atual pode ganhar mais hierarquia, autoridade e CTA direto.","Site atual é redesenhável: site Wix, hierarquia comercial limitada, CTA/WhatsApp pouco dominante e conteúdo distribuído sem foco claro de conversão. Futuro redesign pode abrir com especialidade, prova social, serviços confirmados e agendamento direto.","Site informa: Bruna L. Kluge; CRP 12/20491; psicóloga clínica; Gestalt-terapia; atendimento individual para adultos presencial e online.","Psicóloga; atendimento informado no site atual","Prova social não verificada em Maps nesta captura; credenciais, CRP/CRN, depoimentos ou experiência citados quando presentes no site.","Wix antigo/simples, fotos e textos do site atual, identidade básica aproveitável.","Prints desktop/mobile capturados; manter identidade e informações principais.",bruna-l-kluge-psicologa,Aguardando redesign individual,,D:\LEONARDO\Drive\Projetos\funil-comercial\prospeccao-ativa-2026-07-22\prints\bruna-l-kluge-psicologa-maps.png,D:\LEONARDO\Drive\Projetos\funil-comercial\prospeccao-ativa-2026-07-22\prints\bruna-l-kluge-psicologa-desktop.png,D:\LEONARDO\Drive\Projetos\funil-comercial\prospeccao-ativa-2026-07-22\prints\bruna-l-kluge-psicologa-mobile.png,https://wa.me/5548998452612,LEAD_QUALIFICADO_AGUARDANDO_REDESIGN_INDIVIDUAL,"Sem envio automático; URL curta permanece vazia até redesign individual.","Oi, Bruna! Vi seu site de psicóloga em Florianópolis - SC, com Psicóloga; atendimento informado no site atual. Também notei que a página atual usa site Wix e poderia deixar WhatsApp, autoridade e agendamento mais claros: [INSERIR_LINK_DO_REDESIGN_APOS_CRIACAO]","Bruna, resumindo: a ideia é transformar seu site atual em uma página mais moderna, clara e focada em agendamentos pelo WhatsApp.

(envie a imagem da proposta aqui)

Valor único: R$497
Hospedagem/manutenção: R$37,90 por mês

Isso inclui a página responsiva, ajustes finais e publicação no domínio definitivo.","Oi, Bruna! Passando pra saber se você chegou a ver o site novo que te mandei.

Se tiver algo que você mudaria, uma cor, um texto, uma foto, eu ajusto pra ficar do seu jeito. 😊","Oi, Bruna! Só pra deixar claro, esse é o trabalho que eu faço, ajudo profissionais como você a terem um site que traz mais pacientes, clientes ou consultas e passa mais autoridade.

Fiz o seu como demonstração, sem compromisso.

Se fizer sentido, te explico como deixar ele no ar. Quer que eu te mande os detalhes?","Oi, Bruna! Imagino que a correria da agenda tenha falado mais alto, sem problema.

Vou deixar o link no ar por mais 24 horas.

Se um dia quiser colocar no ar, é só me chamar que retomo na hora.

Sucesso, viu! 🙌"
2026-07-22,15,Psicóloga,Rio de Janeiro - RJ,Luana Paula Cavalcanti Paris de Carvalho,não verificado,não verificado,(21) 99227-9007,+5521992279007,https://luanapaulacavalcan.wixsite.com/psicologa,https://www.google.com/maps/search/?api=1&query=Luana%20Paula%20Cavalcanti%20Paris%20de%20Carvalho%20Psic%C3%B3loga%20Rio%20de%20Janeiro%20-%20RJ,"Psicóloga em Rio de Janeiro - RJ com URL válida, contato público e site Wix; há conteúdo real aproveitável, mas a apresentação atual pode ganhar mais hierarquia, autoridade e CTA direto.","Site atual é redesenhável: site Wix, hierarquia comercial limitada, CTA/WhatsApp pouco dominante e conteúdo distribuído sem foco claro de conversão. Futuro redesign pode abrir com especialidade, prova social, serviços confirmados e agendamento direto.","Site informa: Luana Paula Cavalcanti Paris de Carvalho; CRP 05/55438; psicoterapia individual; atendimento a todas as faixas etárias; Bonsucesso, Centro e domicílio.",psicoterapia,"Prova social não verificada em Maps nesta captura; credenciais, CRP/CRN, depoimentos ou experiência citados quando presentes no site.","Wix antigo/simples, fotos e textos do site atual, identidade básica aproveitável.","Prints desktop/mobile capturados; manter identidade e informações principais.",luana-paula-cavalcanti-paris-de-carvalho-psicologa,Aguardando redesign individual,,D:\LEONARDO\Drive\Projetos\funil-comercial\prospeccao-ativa-2026-07-22\prints\luana-paula-cavalcanti-paris-de-carvalho-psicologa-maps.png,D:\LEONARDO\Drive\Projetos\funil-comercial\prospeccao-ativa-2026-07-22\prints\luana-paula-cavalcanti-paris-de-carvalho-psicologa-desktop.png,D:\LEONARDO\Drive\Projetos\funil-comercial\prospeccao-ativa-2026-07-22\prints\luana-paula-cavalcanti-paris-de-carvalho-psicologa-mobile.png,https://wa.me/5521992279007,LEAD_QUALIFICADO_AGUARDANDO_REDESIGN_INDIVIDUAL,"Sem envio automático; URL curta permanece vazia até redesign individual.","Oi, Luana! Vi seu site de psicóloga em Rio de Janeiro - RJ, com psicoterapia. Também notei que a página atual usa site Wix e poderia deixar WhatsApp, autoridade e agendamento mais claros: [INSERIR_LINK_DO_REDESIGN_APOS_CRIACAO]","Luana, resumindo: a ideia é transformar seu site atual em uma página mais moderna, clara e focada em agendamentos pelo WhatsApp.

(envie a imagem da proposta aqui)

Valor único: R$497
Hospedagem/manutenção: R$37,90 por mês

Isso inclui a página responsiva, ajustes finais e publicação no domínio definitivo.","Oi, Luana! Passando pra saber se você chegou a ver o site novo que te mandei.

Se tiver algo que você mudaria, uma cor, um texto, uma foto, eu ajusto pra ficar do seu jeito. 😊","Oi, Luana! Só pra deixar claro, esse é o trabalho que eu faço, ajudo profissionais como você a terem um site que traz mais pacientes, clientes ou consultas e passa mais autoridade.

Fiz o seu como demonstração, sem compromisso.

Se fizer sentido, te explico como deixar ele no ar. Quer que eu te mande os detalhes?","Oi, Luana! Imagino que a correria da agenda tenha falado mais alto, sem problema.

Vou deixar o link no ar por mais 24 horas.

Se um dia quiser colocar no ar, é só me chamar que retomo na hora.

Sucesso, viu! 🙌"
2026-07-22,16,Psicóloga,São José dos Campos - SP,Luiza Harger,não verificado,não verificado,(11) 98469-2813,+5511984692813,https://luizaharger.wixsite.com/website,https://www.google.com/maps/search/?api=1&query=Luiza%20Harger%20Psic%C3%B3loga%20S%C3%A3o%20Jos%C3%A9%20dos%20Campos%20-%20SP,"Psicóloga em São José dos Campos - SP com URL válida, contato público e site Wix; há conteúdo real aproveitável, mas a apresentação atual pode ganhar mais hierarquia, autoridade e CTA direto.","Site atual é redesenhável: site Wix, hierarquia comercial limitada, CTA/WhatsApp pouco dominante e conteúdo distribuído sem foco claro de conversão. Futuro redesign pode abrir com especialidade, prova social, serviços confirmados e agendamento direto.","Site informa: Luiza Harger; CRP 06/144098; contato e agendamento via telefone ou WhatsApp.","Psicóloga; atendimento informado no site atual","Prova social não verificada em Maps nesta captura; credenciais, CRP/CRN, depoimentos ou experiência citados quando presentes no site.","Wix antigo/simples, fotos e textos do site atual, identidade básica aproveitável.","Prints desktop/mobile capturados; manter identidade e informações principais.",luiza-harger-psicologa,Aguardando redesign individual,,D:\LEONARDO\Drive\Projetos\funil-comercial\prospeccao-ativa-2026-07-22\prints\luiza-harger-psicologa-maps.png,D:\LEONARDO\Drive\Projetos\funil-comercial\prospeccao-ativa-2026-07-22\prints\luiza-harger-psicologa-desktop.png,D:\LEONARDO\Drive\Projetos\funil-comercial\prospeccao-ativa-2026-07-22\prints\luiza-harger-psicologa-mobile.png,https://wa.me/5511984692813,LEAD_QUALIFICADO_AGUARDANDO_REDESIGN_INDIVIDUAL,"Sem envio automático; URL curta permanece vazia até redesign individual.","Oi, Luiza! Vi seu site de psicóloga em São José dos Campos - SP, com Psicóloga; atendimento informado no site atual. Também notei que a página atual usa site Wix e poderia deixar WhatsApp, autoridade e agendamento mais claros: [INSERIR_LINK_DO_REDESIGN_APOS_CRIACAO]","Luiza, resumindo: a ideia é transformar seu site atual em uma página mais moderna, clara e focada em agendamentos pelo WhatsApp.

(envie a imagem da proposta aqui)

Valor único: R$497
Hospedagem/manutenção: R$37,90 por mês

Isso inclui a página responsiva, ajustes finais e publicação no domínio definitivo.","Oi, Luiza! Passando pra saber se você chegou a ver o site novo que te mandei.

Se tiver algo que você mudaria, uma cor, um texto, uma foto, eu ajusto pra ficar do seu jeito. 😊","Oi, Luiza! Só pra deixar claro, esse é o trabalho que eu faço, ajudo profissionais como você a terem um site que traz mais pacientes, clientes ou consultas e passa mais autoridade.

Fiz o seu como demonstração, sem compromisso.

Se fizer sentido, te explico como deixar ele no ar. Quer que eu te mande os detalhes?","Oi, Luiza! Imagino que a correria da agenda tenha falado mais alto, sem problema.

Vou deixar o link no ar por mais 24 horas.

Se um dia quiser colocar no ar, é só me chamar que retomo na hora.

Sucesso, viu! 🙌"
2026-07-22,17,Fisioterapeuta,São José dos Campos - SP,Alene Marino,não verificado,não verificado,não encontrado no site público,,https://alenemarino.wixsite.com/alene-marino,https://www.google.com/maps/search/?api=1&query=Alene%20Marino%20Fisioterapeuta%20S%C3%A3o%20Jos%C3%A9%20dos%20Campos%20-%20SP,"Fisioterapeuta em São José dos Campos - SP com URL válida, contato público e site Wix; há conteúdo real aproveitável, mas a apresentação atual pode ganhar mais hierarquia, autoridade e CTA direto.","Site atual é redesenhável: site Wix, hierarquia comercial limitada, CTA/WhatsApp pouco dominante e conteúdo distribuído sem foco claro de conversão. Futuro redesign pode abrir com especialidade, prova social, serviços confirmados e agendamento direto.","Site informa: Alene Marino; Fisioterapeuta pela UFTM; terapia manual e postural; acupuntura; pilates; atuação em ortopedia e coluna.","terapia manual; pilates; acupuntura","Prova social não verificada em Maps nesta captura; credenciais, CRP/CRN, depoimentos ou experiência citados quando presentes no site.","Wix antigo/simples, fotos e textos do site atual, identidade básica aproveitável.","Prints desktop/mobile capturados; manter identidade e informações principais.",alene-marino-fisioterapeuta,Aguardando redesign individual,,D:\LEONARDO\Drive\Projetos\funil-comercial\prospeccao-ativa-2026-07-22\prints\alene-marino-fisioterapeuta-maps.png,D:\LEONARDO\Drive\Projetos\funil-comercial\prospeccao-ativa-2026-07-22\prints\alene-marino-fisioterapeuta-desktop.png,D:\LEONARDO\Drive\Projetos\funil-comercial\prospeccao-ativa-2026-07-22\prints\alene-marino-fisioterapeuta-mobile.png,,LEAD_QUALIFICADO_AGUARDANDO_REDESIGN_INDIVIDUAL,"Sem envio automático; URL curta permanece vazia até redesign individual.","Oi, Alene! Vi seu site de fisioterapeuta em São José dos Campos - SP, com terapia manual; pilates; acupuntura. Também notei que a página atual usa site Wix e poderia deixar WhatsApp, autoridade e agendamento mais claros: [INSERIR_LINK_DO_REDESIGN_APOS_CRIACAO]","Alene, resumindo: a ideia é transformar seu site atual em uma página mais moderna, clara e focada em agendamentos pelo WhatsApp.

(envie a imagem da proposta aqui)

Valor único: R$497
Hospedagem/manutenção: R$37,90 por mês

Isso inclui a página responsiva, ajustes finais e publicação no domínio definitivo.","Oi, Alene! Passando pra saber se você chegou a ver o site novo que te mandei.

Se tiver algo que você mudaria, uma cor, um texto, uma foto, eu ajusto pra ficar do seu jeito. 😊","Oi, Alene! Só pra deixar claro, esse é o trabalho que eu faço, ajudo profissionais como você a terem um site que traz mais pacientes, clientes ou consultas e passa mais autoridade.

Fiz o seu como demonstração, sem compromisso.

Se fizer sentido, te explico como deixar ele no ar. Quer que eu te mande os detalhes?","Oi, Alene! Imagino que a correria da agenda tenha falado mais alto, sem problema.

Vou deixar o link no ar por mais 24 horas.

Se um dia quiser colocar no ar, é só me chamar que retomo na hora.

Sucesso, viu! 🙌"
2026-07-22,18,Fisioterapeuta,São Paulo - SP,TcaFisio,não verificado,não verificado,não encontrado no site público,,https://carolinadearaujot.wixsite.com/tcafisio,https://www.google.com/maps/search/?api=1&query=TcaFisio%20Fisioterapeuta%20S%C3%A3o%20Paulo%20-%20SP,"Fisioterapeuta em São Paulo - SP com URL válida, contato público e site Wix; há conteúdo real aproveitável, mas a apresentação atual pode ganhar mais hierarquia, autoridade e CTA direto.","Site atual é redesenhável: site Wix, hierarquia comercial limitada, CTA/WhatsApp pouco dominante e conteúdo distribuído sem foco claro de conversão. Futuro redesign pode abrir com especialidade, prova social, serviços confirmados e agendamento direto.","Site informa: TcaFisio; Fisioterapia em prevenção e reabilitação; pélvica, geriátrica, neurológica adulto, ortopédica e pilates.","pilates; reabilitação","Prova social não verificada em Maps nesta captura; credenciais, CRP/CRN, depoimentos ou experiência citados quando presentes no site.","Wix antigo/simples, fotos e textos do site atual, identidade básica aproveitável.","Prints desktop/mobile capturados; manter identidade e informações principais.",tcafisio-fisioterapeuta,Aguardando redesign individual,,D:\LEONARDO\Drive\Projetos\funil-comercial\prospeccao-ativa-2026-07-22\prints\tcafisio-fisioterapeuta-maps.png,D:\LEONARDO\Drive\Projetos\funil-comercial\prospeccao-ativa-2026-07-22\prints\tcafisio-fisioterapeuta-desktop.png,D:\LEONARDO\Drive\Projetos\funil-comercial\prospeccao-ativa-2026-07-22\prints\tcafisio-fisioterapeuta-mobile.png,,LEAD_QUALIFICADO_AGUARDANDO_REDESIGN_INDIVIDUAL,"Sem envio automático; URL curta permanece vazia até redesign individual.","Oi, TcaFisio! Vi seu site de fisioterapeuta em São Paulo - SP, com pilates; reabilitação. Também notei que a página atual usa site Wix e poderia deixar WhatsApp, autoridade e agendamento mais claros: [INSERIR_LINK_DO_REDESIGN_APOS_CRIACAO]","TcaFisio, resumindo: a ideia é transformar seu site atual em uma página mais moderna, clara e focada em agendamentos pelo WhatsApp.

(envie a imagem da proposta aqui)

Valor único: R$497
Hospedagem/manutenção: R$37,90 por mês

Isso inclui a página responsiva, ajustes finais e publicação no domínio definitivo.","Oi, TcaFisio! Passando pra saber se você chegou a ver o site novo que te mandei.

Se tiver algo que você mudaria, uma cor, um texto, uma foto, eu ajusto pra ficar do seu jeito. 😊","Oi, TcaFisio! Só pra deixar claro, esse é o trabalho que eu faço, ajudo profissionais como você a terem um site que traz mais pacientes, clientes ou consultas e passa mais autoridade.

Fiz o seu como demonstração, sem compromisso.

Se fizer sentido, te explico como deixar ele no ar. Quer que eu te mande os detalhes?","Oi, TcaFisio! Imagino que a correria da agenda tenha falado mais alto, sem problema.

Vou deixar o link no ar por mais 24 horas.

Se um dia quiser colocar no ar, é só me chamar que retomo na hora.

Sucesso, viu! 🙌"
2026-07-22,19,Massoterapeuta,Campinas - SP,Studio Funcional Pilates e Fisioterapia,não verificado,não verificado,(48) 98415-9030,+5548984159030,https://studiofisioterapia7.wixsite.com/funcionalpilates,https://www.google.com/maps/search/?api=1&query=Studio%20Funcional%20Pilates%20e%20Fisioterapia%20Massoterapeuta%20Campinas%20-%20SP,"Massoterapeuta em Campinas - SP com URL válida, contato público e site Wix; há conteúdo real aproveitável, mas a apresentação atual pode ganhar mais hierarquia, autoridade e CTA direto.","Site atual é redesenhável: site Wix, hierarquia comercial limitada, CTA/WhatsApp pouco dominante e conteúdo distribuído sem foco claro de conversão. Futuro redesign pode abrir com especialidade, prova social, serviços confirmados e agendamento direto.","Site informa: Studio Funcional Pilates e Fisioterapia; Pilates; fisioterapia; massagem relaxante; massagem modeladora; drenagem; pós-operatório; contato por WhatsApp.","pilates; massagem relaxante; drenagem","Prova social não verificada em Maps nesta captura; credenciais, CRP/CRN, depoimentos ou experiência citados quando presentes no site.","Wix antigo/simples, fotos e textos do site atual, identidade básica aproveitável.","Prints desktop/mobile capturados; manter identidade e informações principais.",studio-funcional-pilates-e-fisioterapia-massoterapeuta,Aguardando redesign individual,,D:\LEONARDO\Drive\Projetos\funil-comercial\prospeccao-ativa-2026-07-22\prints\studio-funcional-pilates-e-fisioterapia-massoterapeuta-maps.png,D:\LEONARDO\Drive\Projetos\funil-comercial\prospeccao-ativa-2026-07-22\prints\studio-funcional-pilates-e-fisioterapia-massoterapeuta-desktop.png,D:\LEONARDO\Drive\Projetos\funil-comercial\prospeccao-ativa-2026-07-22\prints\studio-funcional-pilates-e-fisioterapia-massoterapeuta-mobile.png,https://wa.me/5548984159030,LEAD_QUALIFICADO_AGUARDANDO_REDESIGN_INDIVIDUAL,"Sem envio automático; URL curta permanece vazia até redesign individual.","Oi, Studio! Vi seu site de massoterapeuta em Campinas - SP, com pilates; massagem relaxante; drenagem. Também notei que a página atual usa site Wix e poderia deixar WhatsApp, autoridade e agendamento mais claros: [INSERIR_LINK_DO_REDESIGN_APOS_CRIACAO]","Studio, resumindo: a ideia é transformar seu site atual em uma página mais moderna, clara e focada em agendamentos pelo WhatsApp.

(envie a imagem da proposta aqui)

Valor único: R$497
Hospedagem/manutenção: R$37,90 por mês

Isso inclui a página responsiva, ajustes finais e publicação no domínio definitivo.","Oi, Studio! Passando pra saber se você chegou a ver o site novo que te mandei.

Se tiver algo que você mudaria, uma cor, um texto, uma foto, eu ajusto pra ficar do seu jeito. 😊","Oi, Studio! Só pra deixar claro, esse é o trabalho que eu faço, ajudo profissionais como você a terem um site que traz mais pacientes, clientes ou consultas e passa mais autoridade.

Fiz o seu como demonstração, sem compromisso.

Se fizer sentido, te explico como deixar ele no ar. Quer que eu te mande os detalhes?","Oi, Studio! Imagino que a correria da agenda tenha falado mais alto, sem problema.

Vou deixar o link no ar por mais 24 horas.

Se um dia quiser colocar no ar, é só me chamar que retomo na hora.

Sucesso, viu! 🙌"
2026-07-22,20,Nutricionista,São Paulo - SP,Nutri Cris Campos,não verificado,não verificado,não encontrado no site público,,https://nutricriscampos.my.canva.site/,https://www.google.com/maps/search/?api=1&query=Nutri%20Cris%20Campos%20Nutricionista%20S%C3%A3o%20Paulo%20-%20SP,"Nutricionista em São Paulo - SP com URL válida, contato público e site Canva; há conteúdo real aproveitável, mas a apresentação atual pode ganhar mais hierarquia, autoridade e CTA direto.","Site atual é redesenhável: site Canva, hierarquia comercial limitada, CTA/WhatsApp pouco dominante e conteúdo distribuído sem foco claro de conversão. Futuro redesign pode abrir com especialidade, prova social, serviços confirmados e agendamento direto.","Site informa: Nutri Cris Campos; Consulta nutricional; avaliação; plano alimentar; suplementação; metas mensais; atendimento presencial, online e retorno.","plano alimentar; atendimento presencial","Prova social não verificada em Maps nesta captura; credenciais, CRP/CRN, depoimentos ou experiência citados quando presentes no site.","Página Canva, visual de peça única, cores/fotos e informações principais aproveitáveis.","Prints desktop/mobile capturados; manter identidade e informações principais.",nutri-cris-campos-nutricionista,Aguardando redesign individual,,D:\LEONARDO\Drive\Projetos\funil-comercial\prospeccao-ativa-2026-07-22\prints\nutri-cris-campos-nutricionista-maps.png,D:\LEONARDO\Drive\Projetos\funil-comercial\prospeccao-ativa-2026-07-22\prints\nutri-cris-campos-nutricionista-desktop.png,D:\LEONARDO\Drive\Projetos\funil-comercial\prospeccao-ativa-2026-07-22\prints\nutri-cris-campos-nutricionista-mobile.png,,LEAD_QUALIFICADO_AGUARDANDO_REDESIGN_INDIVIDUAL,"Sem envio automático; URL curta permanece vazia até redesign individual.","Oi, Cris! Vi seu site de nutricionista em São Paulo - SP, com plano alimentar; atendimento presencial. Também notei que a página atual usa site Canva e poderia deixar WhatsApp, autoridade e agendamento mais claros: [INSERIR_LINK_DO_REDESIGN_APOS_CRIACAO]","Cris, resumindo: a ideia é transformar seu site atual em uma página mais moderna, clara e focada em agendamentos pelo WhatsApp.

(envie a imagem da proposta aqui)

Valor único: R$497
Hospedagem/manutenção: R$37,90 por mês

Isso inclui a página responsiva, ajustes finais e publicação no domínio definitivo.","Oi, Cris! Passando pra saber se você chegou a ver o site novo que te mandei.

Se tiver algo que você mudaria, uma cor, um texto, uma foto, eu ajusto pra ficar do seu jeito. 😊","Oi, Cris! Só pra deixar claro, esse é o trabalho que eu faço, ajudo profissionais como você a terem um site que traz mais pacientes, clientes ou consultas e passa mais autoridade.

Fiz o seu como demonstração, sem compromisso.

Se fizer sentido, te explico como deixar ele no ar. Quer que eu te mande os detalhes?","Oi, Cris! Imagino que a correria da agenda tenha falado mais alto, sem problema.

Vou deixar o link no ar por mais 24 horas.

Se um dia quiser colocar no ar, é só me chamar que retomo na hora.

Sucesso, viu! 🙌"
2026-07-22,21,Psicóloga,São Paulo - SP,Isabel Freitas,não verificado,não verificado,não encontrado no site público,,https://creisconsultor.wixsite.com/psic-isabel,https://www.google.com/maps/search/?api=1&query=Isabel%20Freitas%20Psic%C3%B3loga%20S%C3%A3o%20Paulo%20-%20SP,"Psicóloga em São Paulo - SP com URL válida, contato público e site Wix; há conteúdo real aproveitável, mas a apresentação atual pode ganhar mais hierarquia, autoridade e CTA direto.","Site atual é redesenhável: site Wix, hierarquia comercial limitada, CTA/WhatsApp pouco dominante e conteúdo distribuído sem foco claro de conversão. Futuro redesign pode abrir com especialidade, prova social, serviços confirmados e agendamento direto.","Site informa: Isabel Freitas; CRP 06/155264; psicóloga clínica formada em 2019; atendimentos presenciais e online para brasileiros expatriados.","Psicóloga; atendimento informado no site atual","Prova social não verificada em Maps nesta captura; credenciais, CRP/CRN, depoimentos ou experiência citados quando presentes no site.","Wix antigo/simples, fotos e textos do site atual, identidade básica aproveitável.","Prints desktop/mobile capturados; manter identidade e informações principais.",isabel-freitas-psicologa,Aguardando redesign individual,,D:\LEONARDO\Drive\Projetos\funil-comercial\prospeccao-ativa-2026-07-22\prints\isabel-freitas-psicologa-maps.png,D:\LEONARDO\Drive\Projetos\funil-comercial\prospeccao-ativa-2026-07-22\prints\isabel-freitas-psicologa-desktop.png,D:\LEONARDO\Drive\Projetos\funil-comercial\prospeccao-ativa-2026-07-22\prints\isabel-freitas-psicologa-mobile.png,,LEAD_QUALIFICADO_AGUARDANDO_REDESIGN_INDIVIDUAL,"Sem envio automático; URL curta permanece vazia até redesign individual.","Oi, Isabel! Vi seu site de psicóloga em São Paulo - SP, com Psicóloga; atendimento informado no site atual. Também notei que a página atual usa site Wix e poderia deixar WhatsApp, autoridade e agendamento mais claros: [INSERIR_LINK_DO_REDESIGN_APOS_CRIACAO]","Isabel, resumindo: a ideia é transformar seu site atual em uma página mais moderna, clara e focada em agendamentos pelo WhatsApp.

(envie a imagem da proposta aqui)

Valor único: R$497
Hospedagem/manutenção: R$37,90 por mês

Isso inclui a página responsiva, ajustes finais e publicação no domínio definitivo.","Oi, Isabel! Passando pra saber se você chegou a ver o site novo que te mandei.

Se tiver algo que você mudaria, uma cor, um texto, uma foto, eu ajusto pra ficar do seu jeito. 😊","Oi, Isabel! Só pra deixar claro, esse é o trabalho que eu faço, ajudo profissionais como você a terem um site que traz mais pacientes, clientes ou consultas e passa mais autoridade.

Fiz o seu como demonstração, sem compromisso.

Se fizer sentido, te explico como deixar ele no ar. Quer que eu te mande os detalhes?","Oi, Isabel! Imagino que a correria da agenda tenha falado mais alto, sem problema.

Vou deixar o link no ar por mais 24 horas.

Se um dia quiser colocar no ar, é só me chamar que retomo na hora.

Sucesso, viu! 🙌"
2026-07-22,22,Psicóloga,Belo Horizonte - MG,Marina Cintra,não verificado,não verificado,WhatsApp citado no site,,https://marinac-s.wixsite.com/psimarinacintra,https://www.google.com/maps/search/?api=1&query=Marina%20Cintra%20Psic%C3%B3loga%20Belo%20Horizonte%20-%20MG,"Psicóloga em Belo Horizonte - MG com URL válida, contato público e site Wix; há conteúdo real aproveitável, mas a apresentação atual pode ganhar mais hierarquia, autoridade e CTA direto.","Site atual é redesenhável: site Wix, hierarquia comercial limitada, CTA/WhatsApp pouco dominante e conteúdo distribuído sem foco claro de conversão. Futuro redesign pode abrir com especialidade, prova social, serviços confirmados e agendamento direto.","Site informa: Marina Cintra; CRP 04/63797; Gestalt-terapeuta; psicoterapia online e presencial; atendimento individual a adultos.",psicoterapia,"Prova social não verificada em Maps nesta captura; credenciais, CRP/CRN, depoimentos ou experiência citados quando presentes no site.","Wix antigo/simples, fotos e textos do site atual, identidade básica aproveitável.","Prints desktop/mobile capturados; manter identidade e informações principais.",marina-cintra-psicologa,Aguardando redesign individual,,D:\LEONARDO\Drive\Projetos\funil-comercial\prospeccao-ativa-2026-07-22\prints\marina-cintra-psicologa-maps.png,D:\LEONARDO\Drive\Projetos\funil-comercial\prospeccao-ativa-2026-07-22\prints\marina-cintra-psicologa-desktop.png,D:\LEONARDO\Drive\Projetos\funil-comercial\prospeccao-ativa-2026-07-22\prints\marina-cintra-psicologa-mobile.png,,LEAD_QUALIFICADO_AGUARDANDO_REDESIGN_INDIVIDUAL,"Sem envio automático; URL curta permanece vazia até redesign individual.","Oi, Marina! Vi seu site de psicóloga em Belo Horizonte - MG, com psicoterapia. Também notei que a página atual usa site Wix e poderia deixar WhatsApp, autoridade e agendamento mais claros: [INSERIR_LINK_DO_REDESIGN_APOS_CRIACAO]","Marina, resumindo: a ideia é transformar seu site atual em uma página mais moderna, clara e focada em agendamentos pelo WhatsApp.

(envie a imagem da proposta aqui)

Valor único: R$497
Hospedagem/manutenção: R$37,90 por mês

Isso inclui a página responsiva, ajustes finais e publicação no domínio definitivo.","Oi, Marina! Passando pra saber se você chegou a ver o site novo que te mandei.

Se tiver algo que você mudaria, uma cor, um texto, uma foto, eu ajusto pra ficar do seu jeito. 😊","Oi, Marina! Só pra deixar claro, esse é o trabalho que eu faço, ajudo profissionais como você a terem um site que traz mais pacientes, clientes ou consultas e passa mais autoridade.

Fiz o seu como demonstração, sem compromisso.

Se fizer sentido, te explico como deixar ele no ar. Quer que eu te mande os detalhes?","Oi, Marina! Imagino que a correria da agenda tenha falado mais alto, sem problema.

Vou deixar o link no ar por mais 24 horas.

Se um dia quiser colocar no ar, é só me chamar que retomo na hora.

Sucesso, viu! 🙌"
2026-07-22,23,Nutricionista,São Paulo - SP,Liria Alvarenga,não verificado,não verificado,(11) 97895-9279,+5511978959279,https://lnaalvarenga84.wixsite.com/liriaalvarenganutri,https://www.google.com/maps/search/?api=1&query=Liria%20Alvarenga%20Nutricionista%20S%C3%A3o%20Paulo%20-%20SP,"Nutricionista em São Paulo - SP com URL válida, contato público e site Wix; há conteúdo real aproveitável, mas a apresentação atual pode ganhar mais hierarquia, autoridade e CTA direto.","Site atual é redesenhável: site Wix, hierarquia comercial limitada, CTA/WhatsApp pouco dominante e conteúdo distribuído sem foco claro de conversão. Futuro redesign pode abrir com especialidade, prova social, serviços confirmados e agendamento direto.","Site informa: Liria Alvarenga; CRN/3 22060; atendimento nutricional; mindful eating; contato por WhatsApp e e-mail.","Nutricionista; atendimento informado no site atual","Prova social não verificada em Maps nesta captura; credenciais, CRP/CRN, depoimentos ou experiência citados quando presentes no site.","Wix antigo/simples, fotos e textos do site atual, identidade básica aproveitável.","Prints desktop/mobile capturados; manter identidade e informações principais.",liria-alvarenga-nutricionista,Aguardando redesign individual,,D:\LEONARDO\Drive\Projetos\funil-comercial\prospeccao-ativa-2026-07-22\prints\liria-alvarenga-nutricionista-maps.png,D:\LEONARDO\Drive\Projetos\funil-comercial\prospeccao-ativa-2026-07-22\prints\liria-alvarenga-nutricionista-desktop.png,D:\LEONARDO\Drive\Projetos\funil-comercial\prospeccao-ativa-2026-07-22\prints\liria-alvarenga-nutricionista-mobile.png,https://wa.me/5511978959279,LEAD_QUALIFICADO_AGUARDANDO_REDESIGN_INDIVIDUAL,"Sem envio automático; URL curta permanece vazia até redesign individual.","Oi, Liria! Vi seu site de nutricionista em São Paulo - SP, com Nutricionista; atendimento informado no site atual. Também notei que a página atual usa site Wix e poderia deixar WhatsApp, autoridade e agendamento mais claros: [INSERIR_LINK_DO_REDESIGN_APOS_CRIACAO]","Liria, resumindo: a ideia é transformar seu site atual em uma página mais moderna, clara e focada em agendamentos pelo WhatsApp.

(envie a imagem da proposta aqui)

Valor único: R$497
Hospedagem/manutenção: R$37,90 por mês

Isso inclui a página responsiva, ajustes finais e publicação no domínio definitivo.","Oi, Liria! Passando pra saber se você chegou a ver o site novo que te mandei.

Se tiver algo que você mudaria, uma cor, um texto, uma foto, eu ajusto pra ficar do seu jeito. 😊","Oi, Liria! Só pra deixar claro, esse é o trabalho que eu faço, ajudo profissionais como você a terem um site que traz mais pacientes, clientes ou consultas e passa mais autoridade.

Fiz o seu como demonstração, sem compromisso.

Se fizer sentido, te explico como deixar ele no ar. Quer que eu te mande os detalhes?","Oi, Liria! Imagino que a correria da agenda tenha falado mais alto, sem problema.

Vou deixar o link no ar por mais 24 horas.

Se um dia quiser colocar no ar, é só me chamar que retomo na hora.

Sucesso, viu! 🙌"
2026-07-22,24,Nutricionista,Campinas - SP,Gabriela Cedaro,não verificado,não verificado,(19) 98222-2835,+5519982222835,https://nutrigabrielacedaro.wixsite.com/nutrigabriela,https://www.google.com/maps/search/?api=1&query=Gabriela%20Cedaro%20Nutricionista%20Campinas%20-%20SP,"Nutricionista em Campinas - SP com URL válida, contato público e site Wix; há conteúdo real aproveitável, mas a apresentação atual pode ganhar mais hierarquia, autoridade e CTA direto.","Site atual é redesenhável: site Wix, hierarquia comercial limitada, CTA/WhatsApp pouco dominante e conteúdo distribuído sem foco claro de conversão. Futuro redesign pode abrir com especialidade, prova social, serviços confirmados e agendamento direto.","Site informa: Gabriela Cedaro; Nutricionista em Barão Geraldo, Campinas; consulta nutricional; suporte por WhatsApp; endereço Rua Francisco de Barros Filho.","Nutricionista; atendimento informado no site atual","Prova social não verificada em Maps nesta captura; credenciais, CRP/CRN, depoimentos ou experiência citados quando presentes no site.","Wix antigo/simples, fotos e textos do site atual, identidade básica aproveitável.","Prints desktop/mobile capturados; manter identidade e informações principais.",gabriela-cedaro-nutricionista,Aguardando redesign individual,,D:\LEONARDO\Drive\Projetos\funil-comercial\prospeccao-ativa-2026-07-22\prints\gabriela-cedaro-nutricionista-maps.png,D:\LEONARDO\Drive\Projetos\funil-comercial\prospeccao-ativa-2026-07-22\prints\gabriela-cedaro-nutricionista-desktop.png,D:\LEONARDO\Drive\Projetos\funil-comercial\prospeccao-ativa-2026-07-22\prints\gabriela-cedaro-nutricionista-mobile.png,https://wa.me/5519982222835,LEAD_QUALIFICADO_AGUARDANDO_REDESIGN_INDIVIDUAL,"Sem envio automático; URL curta permanece vazia até redesign individual.","Oi, Gabriela! Vi seu site de nutricionista em Campinas - SP, com Nutricionista; atendimento informado no site atual. Também notei que a página atual usa site Wix e poderia deixar WhatsApp, autoridade e agendamento mais claros: [INSERIR_LINK_DO_REDESIGN_APOS_CRIACAO]","Gabriela, resumindo: a ideia é transformar seu site atual em uma página mais moderna, clara e focada em agendamentos pelo WhatsApp.

(envie a imagem da proposta aqui)

Valor único: R$497
Hospedagem/manutenção: R$37,90 por mês

Isso inclui a página responsiva, ajustes finais e publicação no domínio definitivo.","Oi, Gabriela! Passando pra saber se você chegou a ver o site novo que te mandei.

Se tiver algo que você mudaria, uma cor, um texto, uma foto, eu ajusto pra ficar do seu jeito. 😊","Oi, Gabriela! Só pra deixar claro, esse é o trabalho que eu faço, ajudo profissionais como você a terem um site que traz mais pacientes, clientes ou consultas e passa mais autoridade.

Fiz o seu como demonstração, sem compromisso.

Se fizer sentido, te explico como deixar ele no ar. Quer que eu te mande os detalhes?","Oi, Gabriela! Imagino que a correria da agenda tenha falado mais alto, sem problema.

Vou deixar o link no ar por mais 24 horas.

Se um dia quiser colocar no ar, é só me chamar que retomo na hora.

Sucesso, viu! 🙌"
2026-07-22,25,Nutricionista,Curitiba - PR,Pryscila Gharib,não verificado,não verificado,+55 (41) 99658-4076,+5541996584076,https://nutripryscilaghari.wixsite.com/my-site,https://www.google.com/maps/search/?api=1&query=Pryscila%20Gharib%20Nutricionista%20Curitiba%20-%20PR,"Nutricionista em Curitiba - PR com URL válida, contato público e site Wix; há conteúdo real aproveitável, mas a apresentação atual pode ganhar mais hierarquia, autoridade e CTA direto.","Site atual é redesenhável: site Wix, hierarquia comercial limitada, CTA/WhatsApp pouco dominante e conteúdo distribuído sem foco claro de conversão. Futuro redesign pode abrir com especialidade, prova social, serviços confirmados e agendamento direto.","Site informa: Pryscila Gharib; Nutricionista em Curitiba; atendimento por WhatsApp; endereço Rua Duque de Caxias, São Francisco.","Nutricionista; atendimento informado no site atual","Prova social não verificada em Maps nesta captura; credenciais, CRP/CRN, depoimentos ou experiência citados quando presentes no site.","Wix antigo/simples, fotos e textos do site atual, identidade básica aproveitável.","Prints desktop/mobile capturados; manter identidade e informações principais.",pryscila-gharib-nutricionista,Aguardando redesign individual,,D:\LEONARDO\Drive\Projetos\funil-comercial\prospeccao-ativa-2026-07-22\prints\pryscila-gharib-nutricionista-maps.png,D:\LEONARDO\Drive\Projetos\funil-comercial\prospeccao-ativa-2026-07-22\prints\pryscila-gharib-nutricionista-desktop.png,D:\LEONARDO\Drive\Projetos\funil-comercial\prospeccao-ativa-2026-07-22\prints\pryscila-gharib-nutricionista-mobile.png,https://wa.me/5541996584076,LEAD_QUALIFICADO_AGUARDANDO_REDESIGN_INDIVIDUAL,"Sem envio automático; URL curta permanece vazia até redesign individual.","Oi, Pryscila! Vi seu site de nutricionista em Curitiba - PR, com Nutricionista; atendimento informado no site atual. Também notei que a página atual usa site Wix e poderia deixar WhatsApp, autoridade e agendamento mais claros: [INSERIR_LINK_DO_REDESIGN_APOS_CRIACAO]","Pryscila, resumindo: a ideia é transformar seu site atual em uma página mais moderna, clara e focada em agendamentos pelo WhatsApp.

(envie a imagem da proposta aqui)

Valor único: R$497
Hospedagem/manutenção: R$37,90 por mês

Isso inclui a página responsiva, ajustes finais e publicação no domínio definitivo.","Oi, Pryscila! Passando pra saber se você chegou a ver o site novo que te mandei.

Se tiver algo que você mudaria, uma cor, um texto, uma foto, eu ajusto pra ficar do seu jeito. 😊","Oi, Pryscila! Só pra deixar claro, esse é o trabalho que eu faço, ajudo profissionais como você a terem um site que traz mais pacientes, clientes ou consultas e passa mais autoridade.

Fiz o seu como demonstração, sem compromisso.

Se fizer sentido, te explico como deixar ele no ar. Quer que eu te mande os detalhes?","Oi, Pryscila! Imagino que a correria da agenda tenha falado mais alto, sem problema.

Vou deixar o link no ar por mais 24 horas.

Se um dia quiser colocar no ar, é só me chamar que retomo na hora.

Sucesso, viu! 🙌"
2026-07-22,26,Nutricionista,Campinas - SP,Mariana Pacheco,não verificado,não verificado,contato público plausível no site,,https://nutrimarianapacheco.wixsite.com/nutricaoesportiva,https://www.google.com/maps/search/?api=1&query=Mariana%20Pacheco%20Nutricionista%20Campinas%20-%20SP,"Nutricionista em Campinas - SP com URL válida, contato público e site Wix; há conteúdo real aproveitável, mas a apresentação atual pode ganhar mais hierarquia, autoridade e CTA direto.","Site atual é redesenhável: site Wix, hierarquia comercial limitada, CTA/WhatsApp pouco dominante e conteúdo distribuído sem foco claro de conversão. Futuro redesign pode abrir com especialidade, prova social, serviços confirmados e agendamento direto.","Site informa: Mariana Pacheco; Nutrição esportiva; bacharel em Nutrição pela UNICAMP; mudança de hábitos e saúde.",nutrição esportiva,"Prova social não verificada em Maps nesta captura; credenciais, CRP/CRN, depoimentos ou experiência citados quando presentes no site.","Wix antigo/simples, fotos e textos do site atual, identidade básica aproveitável.","Prints desktop/mobile capturados; manter identidade e informações principais.",mariana-pacheco-nutricionista,Aguardando redesign individual,,D:\LEONARDO\Drive\Projetos\funil-comercial\prospeccao-ativa-2026-07-22\prints\mariana-pacheco-nutricionista-maps.png,D:\LEONARDO\Drive\Projetos\funil-comercial\prospeccao-ativa-2026-07-22\prints\mariana-pacheco-nutricionista-desktop.png,D:\LEONARDO\Drive\Projetos\funil-comercial\prospeccao-ativa-2026-07-22\prints\mariana-pacheco-nutricionista-mobile.png,,LEAD_QUALIFICADO_AGUARDANDO_REDESIGN_INDIVIDUAL,"Sem envio automático; URL curta permanece vazia até redesign individual.","Oi, Mariana! Vi seu site de nutricionista em Campinas - SP, com nutrição esportiva. Também notei que a página atual usa site Wix e poderia deixar WhatsApp, autoridade e agendamento mais claros: [INSERIR_LINK_DO_REDESIGN_APOS_CRIACAO]","Mariana, resumindo: a ideia é transformar seu site atual em uma página mais moderna, clara e focada em agendamentos pelo WhatsApp.

(envie a imagem da proposta aqui)

Valor único: R$497
Hospedagem/manutenção: R$37,90 por mês

Isso inclui a página responsiva, ajustes finais e publicação no domínio definitivo.","Oi, Mariana! Passando pra saber se você chegou a ver o site novo que te mandei.

Se tiver algo que você mudaria, uma cor, um texto, uma foto, eu ajusto pra ficar do seu jeito. 😊","Oi, Mariana! Só pra deixar claro, esse é o trabalho que eu faço, ajudo profissionais como você a terem um site que traz mais pacientes, clientes ou consultas e passa mais autoridade.

Fiz o seu como demonstração, sem compromisso.

Se fizer sentido, te explico como deixar ele no ar. Quer que eu te mande os detalhes?","Oi, Mariana! Imagino que a correria da agenda tenha falado mais alto, sem problema.

Vou deixar o link no ar por mais 24 horas.

Se um dia quiser colocar no ar, é só me chamar que retomo na hora.

Sucesso, viu! 🙌"
2026-07-22,27,Nutricionista,Rio de Janeiro - RJ,Juliana Lima,não verificado,não verificado,(21) 98214-1073,+5521982141073,https://nutrijulianalimasz.wixsite.com/nutrijulianalima,https://www.google.com/maps/search/?api=1&query=Juliana%20Lima%20Nutricionista%20Rio%20de%20Janeiro%20-%20RJ,"Nutricionista em Rio de Janeiro - RJ com URL válida, contato público e site Wix; há conteúdo real aproveitável, mas a apresentação atual pode ganhar mais hierarquia, autoridade e CTA direto.","Site atual é redesenhável: site Wix, hierarquia comercial limitada, CTA/WhatsApp pouco dominante e conteúdo distribuído sem foco claro de conversão. Futuro redesign pode abrir com especialidade, prova social, serviços confirmados e agendamento direto.","Site informa: Juliana Lima; Nutricionista no Rio de Janeiro; consciência alimentar; saúde corporal e mental; consulta presencial na Tijuca.","Nutricionista; atendimento informado no site atual","Prova social não verificada em Maps nesta captura; credenciais, CRP/CRN, depoimentos ou experiência citados quando presentes no site.","Wix antigo/simples, fotos e textos do site atual, identidade básica aproveitável.","Prints desktop/mobile capturados; manter identidade e informações principais.",juliana-lima-nutricionista,Aguardando redesign individual,,D:\LEONARDO\Drive\Projetos\funil-comercial\prospeccao-ativa-2026-07-22\prints\juliana-lima-nutricionista-maps.png,D:\LEONARDO\Drive\Projetos\funil-comercial\prospeccao-ativa-2026-07-22\prints\juliana-lima-nutricionista-desktop.png,D:\LEONARDO\Drive\Projetos\funil-comercial\prospeccao-ativa-2026-07-22\prints\juliana-lima-nutricionista-mobile.png,https://wa.me/5521982141073,LEAD_QUALIFICADO_AGUARDANDO_REDESIGN_INDIVIDUAL,"Sem envio automático; URL curta permanece vazia até redesign individual.","Oi, Juliana! Vi seu site de nutricionista em Rio de Janeiro - RJ, com Nutricionista; atendimento informado no site atual. Também notei que a página atual usa site Wix e poderia deixar WhatsApp, autoridade e agendamento mais claros: [INSERIR_LINK_DO_REDESIGN_APOS_CRIACAO]","Juliana, resumindo: a ideia é transformar seu site atual em uma página mais moderna, clara e focada em agendamentos pelo WhatsApp.

(envie a imagem da proposta aqui)

Valor único: R$497
Hospedagem/manutenção: R$37,90 por mês

Isso inclui a página responsiva, ajustes finais e publicação no domínio definitivo.","Oi, Juliana! Passando pra saber se você chegou a ver o site novo que te mandei.

Se tiver algo que você mudaria, uma cor, um texto, uma foto, eu ajusto pra ficar do seu jeito. 😊","Oi, Juliana! Só pra deixar claro, esse é o trabalho que eu faço, ajudo profissionais como você a terem um site que traz mais pacientes, clientes ou consultas e passa mais autoridade.

Fiz o seu como demonstração, sem compromisso.

Se fizer sentido, te explico como deixar ele no ar. Quer que eu te mande os detalhes?","Oi, Juliana! Imagino que a correria da agenda tenha falado mais alto, sem problema.

Vou deixar o link no ar por mais 24 horas.

Se um dia quiser colocar no ar, é só me chamar que retomo na hora.

Sucesso, viu! 🙌"
2026-07-22,28,Nutricionista,Curitiba - PR,Adriana Sbragia,não verificado,não verificado,contato público plausível no site,,https://drisbragia.wixsite.com/nutricionista,https://www.google.com/maps/search/?api=1&query=Adriana%20Sbragia%20Nutricionista%20Curitiba%20-%20PR,"Nutricionista em Curitiba - PR com URL válida, contato público e site Wix; há conteúdo real aproveitável, mas a apresentação atual pode ganhar mais hierarquia, autoridade e CTA direto.","Site atual é redesenhável: site Wix, hierarquia comercial limitada, CTA/WhatsApp pouco dominante e conteúdo distribuído sem foco claro de conversão. Futuro redesign pode abrir com especialidade, prova social, serviços confirmados e agendamento direto.","Site informa: Adriana Sbragia; CRN Paraná 15571; metabolismo e emagrecimento; atendimentos clínicos; interesse em nutrição infantil.","emagrecimento; nutrição infantil","Prova social não verificada em Maps nesta captura; credenciais, CRP/CRN, depoimentos ou experiência citados quando presentes no site.","Wix antigo/simples, fotos e textos do site atual, identidade básica aproveitável.","Prints desktop/mobile capturados; manter identidade e informações principais.",adriana-sbragia-nutricionista,Aguardando redesign individual,,D:\LEONARDO\Drive\Projetos\funil-comercial\prospeccao-ativa-2026-07-22\prints\adriana-sbragia-nutricionista-maps.png,D:\LEONARDO\Drive\Projetos\funil-comercial\prospeccao-ativa-2026-07-22\prints\adriana-sbragia-nutricionista-desktop.png,D:\LEONARDO\Drive\Projetos\funil-comercial\prospeccao-ativa-2026-07-22\prints\adriana-sbragia-nutricionista-mobile.png,,LEAD_QUALIFICADO_AGUARDANDO_REDESIGN_INDIVIDUAL,"Sem envio automático; URL curta permanece vazia até redesign individual.","Oi, Adriana! Vi seu site de nutricionista em Curitiba - PR, com emagrecimento; nutrição infantil. Também notei que a página atual usa site Wix e poderia deixar WhatsApp, autoridade e agendamento mais claros: [INSERIR_LINK_DO_REDESIGN_APOS_CRIACAO]","Adriana, resumindo: a ideia é transformar seu site atual em uma página mais moderna, clara e focada em agendamentos pelo WhatsApp.

(envie a imagem da proposta aqui)

Valor único: R$497
Hospedagem/manutenção: R$37,90 por mês

Isso inclui a página responsiva, ajustes finais e publicação no domínio definitivo.","Oi, Adriana! Passando pra saber se você chegou a ver o site novo que te mandei.

Se tiver algo que você mudaria, uma cor, um texto, uma foto, eu ajusto pra ficar do seu jeito. 😊","Oi, Adriana! Só pra deixar claro, esse é o trabalho que eu faço, ajudo profissionais como você a terem um site que traz mais pacientes, clientes ou consultas e passa mais autoridade.

Fiz o seu como demonstração, sem compromisso.

Se fizer sentido, te explico como deixar ele no ar. Quer que eu te mande os detalhes?","Oi, Adriana! Imagino que a correria da agenda tenha falado mais alto, sem problema.

Vou deixar o link no ar por mais 24 horas.

Se um dia quiser colocar no ar, é só me chamar que retomo na hora.

Sucesso, viu! 🙌"
2026-07-22,29,Nutricionista,São Paulo - SP,Victória Golfieri,não verificado,não verificado,WhatsApp citado no site,,https://vgolfieri.wixsite.com/nutricaodamulher,https://www.google.com/maps/search/?api=1&query=Vict%C3%B3ria%20Golfieri%20Nutricionista%20S%C3%A3o%20Paulo%20-%20SP,"Nutricionista em São Paulo - SP com URL válida, contato público e site Wix; há conteúdo real aproveitável, mas a apresentação atual pode ganhar mais hierarquia, autoridade e CTA direto.","Site atual é redesenhável: site Wix, hierarquia comercial limitada, CTA/WhatsApp pouco dominante e conteúdo distribuído sem foco claro de conversão. Futuro redesign pode abrir com especialidade, prova social, serviços confirmados e agendamento direto.","Site informa: Victória Golfieri; Nutrição da mulher; formada pela UNIFESP; especialista em Saúde da Mulher pela PUC Campinas; transtornos alimentares.","Nutricionista; atendimento informado no site atual","Prova social não verificada em Maps nesta captura; credenciais, CRP/CRN, depoimentos ou experiência citados quando presentes no site.","Wix antigo/simples, fotos e textos do site atual, identidade básica aproveitável.","Prints desktop/mobile capturados; manter identidade e informações principais.",victoria-golfieri-nutricionista,Aguardando redesign individual,,D:\LEONARDO\Drive\Projetos\funil-comercial\prospeccao-ativa-2026-07-22\prints\victoria-golfieri-nutricionista-maps.png,D:\LEONARDO\Drive\Projetos\funil-comercial\prospeccao-ativa-2026-07-22\prints\victoria-golfieri-nutricionista-desktop.png,D:\LEONARDO\Drive\Projetos\funil-comercial\prospeccao-ativa-2026-07-22\prints\victoria-golfieri-nutricionista-mobile.png,,LEAD_QUALIFICADO_AGUARDANDO_REDESIGN_INDIVIDUAL,"Sem envio automático; URL curta permanece vazia até redesign individual.","Oi, Victória! Vi seu site de nutricionista em São Paulo - SP, com Nutricionista; atendimento informado no site atual. Também notei que a página atual usa site Wix e poderia deixar WhatsApp, autoridade e agendamento mais claros: [INSERIR_LINK_DO_REDESIGN_APOS_CRIACAO]","Victória, resumindo: a ideia é transformar seu site atual em uma página mais moderna, clara e focada em agendamentos pelo WhatsApp.

(envie a imagem da proposta aqui)

Valor único: R$497
Hospedagem/manutenção: R$37,90 por mês

Isso inclui a página responsiva, ajustes finais e publicação no domínio definitivo.","Oi, Victória! Passando pra saber se você chegou a ver o site novo que te mandei.

Se tiver algo que você mudaria, uma cor, um texto, uma foto, eu ajusto pra ficar do seu jeito. 😊","Oi, Victória! Só pra deixar claro, esse é o trabalho que eu faço, ajudo profissionais como você a terem um site que traz mais pacientes, clientes ou consultas e passa mais autoridade.

Fiz o seu como demonstração, sem compromisso.

Se fizer sentido, te explico como deixar ele no ar. Quer que eu te mande os detalhes?","Oi, Victória! Imagino que a correria da agenda tenha falado mais alto, sem problema.

Vou deixar o link no ar por mais 24 horas.

Se um dia quiser colocar no ar, é só me chamar que retomo na hora.

Sucesso, viu! 🙌"
2026-07-22,30,Nutricionista,Rio de Janeiro - RJ,Rodrigo Damasceno,não verificado,não verificado,(21) 98089-7896 / 99907-8269,+5521980897896,https://damascen89.wixsite.com/rodrigonutri,https://www.google.com/maps/search/?api=1&query=Rodrigo%20Damasceno%20Nutricionista%20Rio%20de%20Janeiro%20-%20RJ,"Nutricionista em Rio de Janeiro - RJ com URL válida, contato público e site Wix; há conteúdo real aproveitável, mas a apresentação atual pode ganhar mais hierarquia, autoridade e CTA direto.","Site atual é redesenhável: site Wix, hierarquia comercial limitada, CTA/WhatsApp pouco dominante e conteúdo distribuído sem foco claro de conversão. Futuro redesign pode abrir com especialidade, prova social, serviços confirmados e agendamento direto.","Site informa: Rodrigo Damasceno; Nutrição em doença renal; doença renal crônica; atendimento com celular/WhatsApp; liberdade alimentar.","Nutricionista; atendimento informado no site atual","Prova social não verificada em Maps nesta captura; credenciais, CRP/CRN, depoimentos ou experiência citados quando presentes no site.","Wix antigo/simples, fotos e textos do site atual, identidade básica aproveitável.","Prints desktop/mobile capturados; manter identidade e informações principais.",rodrigo-damasceno-nutricionista,Aguardando redesign individual,,D:\LEONARDO\Drive\Projetos\funil-comercial\prospeccao-ativa-2026-07-22\prints\rodrigo-damasceno-nutricionista-maps.png,D:\LEONARDO\Drive\Projetos\funil-comercial\prospeccao-ativa-2026-07-22\prints\rodrigo-damasceno-nutricionista-desktop.png,D:\LEONARDO\Drive\Projetos\funil-comercial\prospeccao-ativa-2026-07-22\prints\rodrigo-damasceno-nutricionista-mobile.png,https://wa.me/5521980897896,LEAD_QUALIFICADO_AGUARDANDO_REDESIGN_INDIVIDUAL,"Sem envio automático; URL curta permanece vazia até redesign individual.","Oi, Rodrigo! Vi seu site de nutricionista em Rio de Janeiro - RJ, com Nutricionista; atendimento informado no site atual. Também notei que a página atual usa site Wix e poderia deixar WhatsApp, autoridade e agendamento mais claros: [INSERIR_LINK_DO_REDESIGN_APOS_CRIACAO]","Rodrigo, resumindo: a ideia é transformar seu site atual em uma página mais moderna, clara e focada em agendamentos pelo WhatsApp.

(envie a imagem da proposta aqui)

Valor único: R$497
Hospedagem/manutenção: R$37,90 por mês

Isso inclui a página responsiva, ajustes finais e publicação no domínio definitivo.","Oi, Rodrigo! Passando pra saber se você chegou a ver o site novo que te mandei.

Se tiver algo que você mudaria, uma cor, um texto, uma foto, eu ajusto pra ficar do seu jeito. 😊","Oi, Rodrigo! Só pra deixar claro, esse é o trabalho que eu faço, ajudo profissionais como você a terem um site que traz mais pacientes, clientes ou consultas e passa mais autoridade.

Fiz o seu como demonstração, sem compromisso.

Se fizer sentido, te explico como deixar ele no ar. Quer que eu te mande os detalhes?","Oi, Rodrigo! Imagino que a correria da agenda tenha falado mais alto, sem problema.

Vou deixar o link no ar por mais 24 horas.

Se um dia quiser colocar no ar, é só me chamar que retomo na hora.

Sucesso, viu! 🙌"
2026-07-22,31,Nutricionista,Curitiba - PR,Paula Casanova,não verificado,não verificado,+55 41 98848-9771,+5541988489771,https://atendimentopaulaca.wixsite.com/meusite,https://www.google.com/maps/search/?api=1&query=Paula%20Casanova%20Nutricionista%20Curitiba%20-%20PR,"Nutricionista em Curitiba - PR com URL válida, contato público e site Wix; há conteúdo real aproveitável, mas a apresentação atual pode ganhar mais hierarquia, autoridade e CTA direto.","Site atual é redesenhável: site Wix, hierarquia comercial limitada, CTA/WhatsApp pouco dominante e conteúdo distribuído sem foco claro de conversão. Futuro redesign pode abrir com especialidade, prova social, serviços confirmados e agendamento direto.","Site informa: Paula Casanova; Nutricionista em Água Verde, Curitiba; atendimentos presencial e online; depoimentos no site.","Nutricionista; atendimento informado no site atual","Prova social não verificada em Maps nesta captura; credenciais, CRP/CRN, depoimentos ou experiência citados quando presentes no site.","Wix antigo/simples, fotos e textos do site atual, identidade básica aproveitável.","Prints desktop/mobile capturados; manter identidade e informações principais.",paula-casanova-nutricionista,Aguardando redesign individual,,D:\LEONARDO\Drive\Projetos\funil-comercial\prospeccao-ativa-2026-07-22\prints\paula-casanova-nutricionista-maps.png,D:\LEONARDO\Drive\Projetos\funil-comercial\prospeccao-ativa-2026-07-22\prints\paula-casanova-nutricionista-desktop.png,D:\LEONARDO\Drive\Projetos\funil-comercial\prospeccao-ativa-2026-07-22\prints\paula-casanova-nutricionista-mobile.png,https://wa.me/5541988489771,LEAD_QUALIFICADO_AGUARDANDO_REDESIGN_INDIVIDUAL,"Sem envio automático; URL curta permanece vazia até redesign individual.","Oi, Paula! Vi seu site de nutricionista em Curitiba - PR, com Nutricionista; atendimento informado no site atual. Também notei que a página atual usa site Wix e poderia deixar WhatsApp, autoridade e agendamento mais claros: [INSERIR_LINK_DO_REDESIGN_APOS_CRIACAO]","Paula, resumindo: a ideia é transformar seu site atual em uma página mais moderna, clara e focada em agendamentos pelo WhatsApp.

(envie a imagem da proposta aqui)

Valor único: R$497
Hospedagem/manutenção: R$37,90 por mês

Isso inclui a página responsiva, ajustes finais e publicação no domínio definitivo.","Oi, Paula! Passando pra saber se você chegou a ver o site novo que te mandei.

Se tiver algo que você mudaria, uma cor, um texto, uma foto, eu ajusto pra ficar do seu jeito. 😊","Oi, Paula! Só pra deixar claro, esse é o trabalho que eu faço, ajudo profissionais como você a terem um site que traz mais pacientes, clientes ou consultas e passa mais autoridade.

Fiz o seu como demonstração, sem compromisso.

Se fizer sentido, te explico como deixar ele no ar. Quer que eu te mande os detalhes?","Oi, Paula! Imagino que a correria da agenda tenha falado mais alto, sem problema.

Vou deixar o link no ar por mais 24 horas.

Se um dia quiser colocar no ar, é só me chamar que retomo na hora.

Sucesso, viu! 🙌"
2026-07-22,32,Nutricionista,São Paulo - SP,Andreza Cardinalle,não verificado,não verificado,contato público plausível no site,,https://andrezacardinalle.wixsite.com/website,https://www.google.com/maps/search/?api=1&query=Andreza%20Cardinalle%20Nutricionista%20S%C3%A3o%20Paulo%20-%20SP,"Nutricionista em São Paulo - SP com URL válida, contato público e site Wix; há conteúdo real aproveitável, mas a apresentação atual pode ganhar mais hierarquia, autoridade e CTA direto.","Site atual é redesenhável: site Wix, hierarquia comercial limitada, CTA/WhatsApp pouco dominante e conteúdo distribuído sem foco claro de conversão. Futuro redesign pode abrir com especialidade, prova social, serviços confirmados e agendamento direto.","Site informa: Andreza Cardinalle; Orientação sobre dieta e bem-estar; plano de emagrecimento; dieta especializada; melhora de saúde.",emagrecimento,"Prova social não verificada em Maps nesta captura; credenciais, CRP/CRN, depoimentos ou experiência citados quando presentes no site.","Wix antigo/simples, fotos e textos do site atual, identidade básica aproveitável.","Prints desktop/mobile capturados; manter identidade e informações principais.",andreza-cardinalle-nutricionista,Aguardando redesign individual,,D:\LEONARDO\Drive\Projetos\funil-comercial\prospeccao-ativa-2026-07-22\prints\andreza-cardinalle-nutricionista-maps.png,D:\LEONARDO\Drive\Projetos\funil-comercial\prospeccao-ativa-2026-07-22\prints\andreza-cardinalle-nutricionista-desktop.png,D:\LEONARDO\Drive\Projetos\funil-comercial\prospeccao-ativa-2026-07-22\prints\andreza-cardinalle-nutricionista-mobile.png,,LEAD_QUALIFICADO_AGUARDANDO_REDESIGN_INDIVIDUAL,"Sem envio automático; URL curta permanece vazia até redesign individual.","Oi, Andreza! Vi seu site de nutricionista em São Paulo - SP, com emagrecimento. Também notei que a página atual usa site Wix e poderia deixar WhatsApp, autoridade e agendamento mais claros: [INSERIR_LINK_DO_REDESIGN_APOS_CRIACAO]","Andreza, resumindo: a ideia é transformar seu site atual em uma página mais moderna, clara e focada em agendamentos pelo WhatsApp.

(envie a imagem da proposta aqui)

Valor único: R$497
Hospedagem/manutenção: R$37,90 por mês

Isso inclui a página responsiva, ajustes finais e publicação no domínio definitivo.","Oi, Andreza! Passando pra saber se você chegou a ver o site novo que te mandei.

Se tiver algo que você mudaria, uma cor, um texto, uma foto, eu ajusto pra ficar do seu jeito. 😊","Oi, Andreza! Só pra deixar claro, esse é o trabalho que eu faço, ajudo profissionais como você a terem um site que traz mais pacientes, clientes ou consultas e passa mais autoridade.

Fiz o seu como demonstração, sem compromisso.

Se fizer sentido, te explico como deixar ele no ar. Quer que eu te mande os detalhes?","Oi, Andreza! Imagino que a correria da agenda tenha falado mais alto, sem problema.

Vou deixar o link no ar por mais 24 horas.

Se um dia quiser colocar no ar, é só me chamar que retomo na hora.

Sucesso, viu! 🙌"
2026-07-22,33,Nutricionista,São Paulo - SP,Flavia Picoli,não verificado,não verificado,WhatsApp citado no site,,https://flaviapicoli.wixsite.com/nutri,https://www.google.com/maps/search/?api=1&query=Flavia%20Picoli%20Nutricionista%20S%C3%A3o%20Paulo%20-%20SP,"Nutricionista em São Paulo - SP com URL válida, contato público e site Wix; há conteúdo real aproveitável, mas a apresentação atual pode ganhar mais hierarquia, autoridade e CTA direto.","Site atual é redesenhável: site Wix, hierarquia comercial limitada, CTA/WhatsApp pouco dominante e conteúdo distribuído sem foco claro de conversão. Futuro redesign pode abrir com especialidade, prova social, serviços confirmados e agendamento direto.","Site informa: Flavia Picoli; Nutrição prática, objetiva e efetiva; formada desde 2013; especializações voltadas para emagrecimento.",emagrecimento,"Prova social não verificada em Maps nesta captura; credenciais, CRP/CRN, depoimentos ou experiência citados quando presentes no site.","Wix antigo/simples, fotos e textos do site atual, identidade básica aproveitável.","Prints desktop/mobile capturados; manter identidade e informações principais.",flavia-picoli-nutricionista,Aguardando redesign individual,,D:\LEONARDO\Drive\Projetos\funil-comercial\prospeccao-ativa-2026-07-22\prints\flavia-picoli-nutricionista-maps.png,D:\LEONARDO\Drive\Projetos\funil-comercial\prospeccao-ativa-2026-07-22\prints\flavia-picoli-nutricionista-desktop.png,D:\LEONARDO\Drive\Projetos\funil-comercial\prospeccao-ativa-2026-07-22\prints\flavia-picoli-nutricionista-mobile.png,,LEAD_QUALIFICADO_AGUARDANDO_REDESIGN_INDIVIDUAL,"Sem envio automático; URL curta permanece vazia até redesign individual.","Oi, Flavia! Vi seu site de nutricionista em São Paulo - SP, com emagrecimento. Também notei que a página atual usa site Wix e poderia deixar WhatsApp, autoridade e agendamento mais claros: [INSERIR_LINK_DO_REDESIGN_APOS_CRIACAO]","Flavia, resumindo: a ideia é transformar seu site atual em uma página mais moderna, clara e focada em agendamentos pelo WhatsApp.

(envie a imagem da proposta aqui)

Valor único: R$497
Hospedagem/manutenção: R$37,90 por mês

Isso inclui a página responsiva, ajustes finais e publicação no domínio definitivo.","Oi, Flavia! Passando pra saber se você chegou a ver o site novo que te mandei.

Se tiver algo que você mudaria, uma cor, um texto, uma foto, eu ajusto pra ficar do seu jeito. 😊","Oi, Flavia! Só pra deixar claro, esse é o trabalho que eu faço, ajudo profissionais como você a terem um site que traz mais pacientes, clientes ou consultas e passa mais autoridade.

Fiz o seu como demonstração, sem compromisso.

Se fizer sentido, te explico como deixar ele no ar. Quer que eu te mande os detalhes?","Oi, Flavia! Imagino que a correria da agenda tenha falado mais alto, sem problema.

Vou deixar o link no ar por mais 24 horas.

Se um dia quiser colocar no ar, é só me chamar que retomo na hora.

Sucesso, viu! 🙌"
2026-07-22,34,Nutricionista,Curitiba - PR,Marcia Kuritza,não verificado,não verificado,WhatsApp citado no site,,https://marciaktza.wixsite.com/marcia-kuritza-nut-1,https://www.google.com/maps/search/?api=1&query=Marcia%20Kuritza%20Nutricionista%20Curitiba%20-%20PR,"Nutricionista em Curitiba - PR com URL válida, contato público e site Wix; há conteúdo real aproveitável, mas a apresentação atual pode ganhar mais hierarquia, autoridade e CTA direto.","Site atual é redesenhável: site Wix, hierarquia comercial limitada, CTA/WhatsApp pouco dominante e conteúdo distribuído sem foco claro de conversão. Futuro redesign pode abrir com especialidade, prova social, serviços confirmados e agendamento direto.","Site informa: Marcia Kuritza; Nutricionista em Curitiba; mais de 10 anos de experiência; atendimentos e transformação de pacientes.","Nutricionista; atendimento informado no site atual","Prova social não verificada em Maps nesta captura; credenciais, CRP/CRN, depoimentos ou experiência citados quando presentes no site.","Wix antigo/simples, fotos e textos do site atual, identidade básica aproveitável.","Prints desktop/mobile capturados; manter identidade e informações principais.",marcia-kuritza-nutricionista,Aguardando redesign individual,,D:\LEONARDO\Drive\Projetos\funil-comercial\prospeccao-ativa-2026-07-22\prints\marcia-kuritza-nutricionista-maps.png,D:\LEONARDO\Drive\Projetos\funil-comercial\prospeccao-ativa-2026-07-22\prints\marcia-kuritza-nutricionista-desktop.png,D:\LEONARDO\Drive\Projetos\funil-comercial\prospeccao-ativa-2026-07-22\prints\marcia-kuritza-nutricionista-mobile.png,,LEAD_QUALIFICADO_AGUARDANDO_REDESIGN_INDIVIDUAL,"Sem envio automático; URL curta permanece vazia até redesign individual.","Oi, Marcia! Vi seu site de nutricionista em Curitiba - PR, com Nutricionista; atendimento informado no site atual. Também notei que a página atual usa site Wix e poderia deixar WhatsApp, autoridade e agendamento mais claros: [INSERIR_LINK_DO_REDESIGN_APOS_CRIACAO]","Marcia, resumindo: a ideia é transformar seu site atual em uma página mais moderna, clara e focada em agendamentos pelo WhatsApp.

(envie a imagem da proposta aqui)

Valor único: R$497
Hospedagem/manutenção: R$37,90 por mês

Isso inclui a página responsiva, ajustes finais e publicação no domínio definitivo.","Oi, Marcia! Passando pra saber se você chegou a ver o site novo que te mandei.

Se tiver algo que você mudaria, uma cor, um texto, uma foto, eu ajusto pra ficar do seu jeito. 😊","Oi, Marcia! Só pra deixar claro, esse é o trabalho que eu faço, ajudo profissionais como você a terem um site que traz mais pacientes, clientes ou consultas e passa mais autoridade.

Fiz o seu como demonstração, sem compromisso.

Se fizer sentido, te explico como deixar ele no ar. Quer que eu te mande os detalhes?","Oi, Marcia! Imagino que a correria da agenda tenha falado mais alto, sem problema.

Vou deixar o link no ar por mais 24 horas.

Se um dia quiser colocar no ar, é só me chamar que retomo na hora.

Sucesso, viu! 🙌"
2026-07-22,35,Nutricionista,São Paulo - SP,Solange de Paula Torres,não verificado,não verificado,(11) 97878-2691,+5511978782691,https://soltorresnutri.wixsite.com/oqueeissonutri,https://www.google.com/maps/search/?api=1&query=Solange%20de%20Paula%20Torres%20Nutricionista%20S%C3%A3o%20Paulo%20-%20SP,"Nutricionista em São Paulo - SP com URL válida, contato público e site Wix; há conteúdo real aproveitável, mas a apresentação atual pode ganhar mais hierarquia, autoridade e CTA direto.","Site atual é redesenhável: site Wix, hierarquia comercial limitada, CTA/WhatsApp pouco dominante e conteúdo distribuído sem foco claro de conversão. Futuro redesign pode abrir com especialidade, prova social, serviços confirmados e agendamento direto.","Site informa: Solange de Paula Torres; Nutricionista CRN 59143; São Paulo; contato por WhatsApp e e-mail.","Nutricionista; atendimento informado no site atual","Prova social não verificada em Maps nesta captura; credenciais, CRP/CRN, depoimentos ou experiência citados quando presentes no site.","Wix antigo/simples, fotos e textos do site atual, identidade básica aproveitável.","Prints desktop/mobile capturados; manter identidade e informações principais.",solange-de-paula-torres-nutricionista,Aguardando redesign individual,,D:\LEONARDO\Drive\Projetos\funil-comercial\prospeccao-ativa-2026-07-22\prints\solange-de-paula-torres-nutricionista-maps.png,D:\LEONARDO\Drive\Projetos\funil-comercial\prospeccao-ativa-2026-07-22\prints\solange-de-paula-torres-nutricionista-desktop.png,D:\LEONARDO\Drive\Projetos\funil-comercial\prospeccao-ativa-2026-07-22\prints\solange-de-paula-torres-nutricionista-mobile.png,https://wa.me/5511978782691,LEAD_QUALIFICADO_AGUARDANDO_REDESIGN_INDIVIDUAL,"Sem envio automático; URL curta permanece vazia até redesign individual.","Oi, Solange! Vi seu site de nutricionista em São Paulo - SP, com Nutricionista; atendimento informado no site atual. Também notei que a página atual usa site Wix e poderia deixar WhatsApp, autoridade e agendamento mais claros: [INSERIR_LINK_DO_REDESIGN_APOS_CRIACAO]","Solange, resumindo: a ideia é transformar seu site atual em uma página mais moderna, clara e focada em agendamentos pelo WhatsApp.

(envie a imagem da proposta aqui)

Valor único: R$497
Hospedagem/manutenção: R$37,90 por mês

Isso inclui a página responsiva, ajustes finais e publicação no domínio definitivo.","Oi, Solange! Passando pra saber se você chegou a ver o site novo que te mandei.

Se tiver algo que você mudaria, uma cor, um texto, uma foto, eu ajusto pra ficar do seu jeito. 😊","Oi, Solange! Só pra deixar claro, esse é o trabalho que eu faço, ajudo profissionais como você a terem um site que traz mais pacientes, clientes ou consultas e passa mais autoridade.

Fiz o seu como demonstração, sem compromisso.

Se fizer sentido, te explico como deixar ele no ar. Quer que eu te mande os detalhes?","Oi, Solange! Imagino que a correria da agenda tenha falado mais alto, sem problema.

Vou deixar o link no ar por mais 24 horas.

Se um dia quiser colocar no ar, é só me chamar que retomo na hora.

Sucesso, viu! 🙌"
2026-07-22,36,Nutricionista,Curitiba - PR,Thaísa Stavitzki,não verificado,não verificado,(41) 99154-0324,+5541991540324,https://nutrilavie.wixsite.com/nutrilavie,https://www.google.com/maps/search/?api=1&query=Tha%C3%ADsa%20Stavitzki%20Nutricionista%20Curitiba%20-%20PR,"Nutricionista em Curitiba - PR com URL válida, contato público e site Wix; há conteúdo real aproveitável, mas a apresentação atual pode ganhar mais hierarquia, autoridade e CTA direto.","Site atual é redesenhável: site Wix, hierarquia comercial limitada, CTA/WhatsApp pouco dominante e conteúdo distribuído sem foco claro de conversão. Futuro redesign pode abrir com especialidade, prova social, serviços confirmados e agendamento direto.","Site informa: Thaísa Stavitzki; Nutricionista CRN 3845; Água Verde, Curitiba; contato por telefone, e-mail e redes.","Nutricionista; atendimento informado no site atual","Prova social não verificada em Maps nesta captura; credenciais, CRP/CRN, depoimentos ou experiência citados quando presentes no site.","Wix antigo/simples, fotos e textos do site atual, identidade básica aproveitável.","Prints desktop/mobile capturados; manter identidade e informações principais.",thaisa-stavitzki-nutricionista,Aguardando redesign individual,,D:\LEONARDO\Drive\Projetos\funil-comercial\prospeccao-ativa-2026-07-22\prints\thaisa-stavitzki-nutricionista-maps.png,D:\LEONARDO\Drive\Projetos\funil-comercial\prospeccao-ativa-2026-07-22\prints\thaisa-stavitzki-nutricionista-desktop.png,D:\LEONARDO\Drive\Projetos\funil-comercial\prospeccao-ativa-2026-07-22\prints\thaisa-stavitzki-nutricionista-mobile.png,https://wa.me/5541991540324,LEAD_QUALIFICADO_AGUARDANDO_REDESIGN_INDIVIDUAL,"Sem envio automático; URL curta permanece vazia até redesign individual.","Oi, Thaísa! Vi seu site de nutricionista em Curitiba - PR, com Nutricionista; atendimento informado no site atual. Também notei que a página atual usa site Wix e poderia deixar WhatsApp, autoridade e agendamento mais claros: [INSERIR_LINK_DO_REDESIGN_APOS_CRIACAO]","Thaísa, resumindo: a ideia é transformar seu site atual em uma página mais moderna, clara e focada em agendamentos pelo WhatsApp.

(envie a imagem da proposta aqui)

Valor único: R$497
Hospedagem/manutenção: R$37,90 por mês

Isso inclui a página responsiva, ajustes finais e publicação no domínio definitivo.","Oi, Thaísa! Passando pra saber se você chegou a ver o site novo que te mandei.

Se tiver algo que você mudaria, uma cor, um texto, uma foto, eu ajusto pra ficar do seu jeito. 😊","Oi, Thaísa! Só pra deixar claro, esse é o trabalho que eu faço, ajudo profissionais como você a terem um site que traz mais pacientes, clientes ou consultas e passa mais autoridade.

Fiz o seu como demonstração, sem compromisso.

Se fizer sentido, te explico como deixar ele no ar. Quer que eu te mande os detalhes?","Oi, Thaísa! Imagino que a correria da agenda tenha falado mais alto, sem problema.

Vou deixar o link no ar por mais 24 horas.

Se um dia quiser colocar no ar, é só me chamar que retomo na hora.

Sucesso, viu! 🙌"
2026-07-22,37,Nutricionista,Rio de Janeiro - RJ,Natália Cruz,não verificado,não verificado,(21) 97361-3132,+5521973613132,https://nataliacruznutrici.wixsite.com/website,https://www.google.com/maps/search/?api=1&query=Nat%C3%A1lia%20Cruz%20Nutricionista%20Rio%20de%20Janeiro%20-%20RJ,"Nutricionista em Rio de Janeiro - RJ com URL válida, contato público e site Wix; há conteúdo real aproveitável, mas a apresentação atual pode ganhar mais hierarquia, autoridade e CTA direto.","Site atual é redesenhável: site Wix, hierarquia comercial limitada, CTA/WhatsApp pouco dominante e conteúdo distribuído sem foco claro de conversão. Futuro redesign pode abrir com especialidade, prova social, serviços confirmados e agendamento direto.","Site informa: Natália Cruz; Nutricionista no Recreio dos Bandeirantes; endereço Av. das Américas; e-mail e telefone públicos.","Nutricionista; atendimento informado no site atual","Prova social não verificada em Maps nesta captura; credenciais, CRP/CRN, depoimentos ou experiência citados quando presentes no site.","Wix antigo/simples, fotos e textos do site atual, identidade básica aproveitável.","Prints desktop/mobile capturados; manter identidade e informações principais.",natalia-cruz-nutricionista,Aguardando redesign individual,,D:\LEONARDO\Drive\Projetos\funil-comercial\prospeccao-ativa-2026-07-22\prints\natalia-cruz-nutricionista-maps.png,D:\LEONARDO\Drive\Projetos\funil-comercial\prospeccao-ativa-2026-07-22\prints\natalia-cruz-nutricionista-desktop.png,D:\LEONARDO\Drive\Projetos\funil-comercial\prospeccao-ativa-2026-07-22\prints\natalia-cruz-nutricionista-mobile.png,https://wa.me/5521973613132,LEAD_QUALIFICADO_AGUARDANDO_REDESIGN_INDIVIDUAL,"Sem envio automático; URL curta permanece vazia até redesign individual.","Oi, Natália! Vi seu site de nutricionista em Rio de Janeiro - RJ, com Nutricionista; atendimento informado no site atual. Também notei que a página atual usa site Wix e poderia deixar WhatsApp, autoridade e agendamento mais claros: [INSERIR_LINK_DO_REDESIGN_APOS_CRIACAO]","Natália, resumindo: a ideia é transformar seu site atual em uma página mais moderna, clara e focada em agendamentos pelo WhatsApp.

(envie a imagem da proposta aqui)

Valor único: R$497
Hospedagem/manutenção: R$37,90 por mês

Isso inclui a página responsiva, ajustes finais e publicação no domínio definitivo.","Oi, Natália! Passando pra saber se você chegou a ver o site novo que te mandei.

Se tiver algo que você mudaria, uma cor, um texto, uma foto, eu ajusto pra ficar do seu jeito. 😊","Oi, Natália! Só pra deixar claro, esse é o trabalho que eu faço, ajudo profissionais como você a terem um site que traz mais pacientes, clientes ou consultas e passa mais autoridade.

Fiz o seu como demonstração, sem compromisso.

Se fizer sentido, te explico como deixar ele no ar. Quer que eu te mande os detalhes?","Oi, Natália! Imagino que a correria da agenda tenha falado mais alto, sem problema.

Vou deixar o link no ar por mais 24 horas.

Se um dia quiser colocar no ar, é só me chamar que retomo na hora.

Sucesso, viu! 🙌"
2026-07-22,38,Nutricionista,São Paulo - SP,Miriam Loiola,não verificado,não verificado,(11) 98642-4904,+5511986424904,https://miriamloiola.wixsite.com/nutricionista,https://www.google.com/maps/search/?api=1&query=Miriam%20Loiola%20Nutricionista%20S%C3%A3o%20Paulo%20-%20SP,"Nutricionista em São Paulo - SP com URL válida, contato público e site Wix; há conteúdo real aproveitável, mas a apresentação atual pode ganhar mais hierarquia, autoridade e CTA direto.","Site atual é redesenhável: site Wix, hierarquia comercial limitada, CTA/WhatsApp pouco dominante e conteúdo distribuído sem foco claro de conversão. Futuro redesign pode abrir com especialidade, prova social, serviços confirmados e agendamento direto.","Site informa: Miriam Loiola; CRN 24558; nutrição bioenergética; clínica na Avenida Rebouças, Pinheiros; WhatsApp em horário comercial.","Nutricionista; atendimento informado no site atual","Prova social não verificada em Maps nesta captura; credenciais, CRP/CRN, depoimentos ou experiência citados quando presentes no site.","Wix antigo/simples, fotos e textos do site atual, identidade básica aproveitável.","Prints desktop/mobile capturados; manter identidade e informações principais.",miriam-loiola-nutricionista,Aguardando redesign individual,,D:\LEONARDO\Drive\Projetos\funil-comercial\prospeccao-ativa-2026-07-22\prints\miriam-loiola-nutricionista-maps.png,D:\LEONARDO\Drive\Projetos\funil-comercial\prospeccao-ativa-2026-07-22\prints\miriam-loiola-nutricionista-desktop.png,D:\LEONARDO\Drive\Projetos\funil-comercial\prospeccao-ativa-2026-07-22\prints\miriam-loiola-nutricionista-mobile.png,https://wa.me/5511986424904,LEAD_QUALIFICADO_AGUARDANDO_REDESIGN_INDIVIDUAL,"Sem envio automático; URL curta permanece vazia até redesign individual.","Oi, Miriam! Vi seu site de nutricionista em São Paulo - SP, com Nutricionista; atendimento informado no site atual. Também notei que a página atual usa site Wix e poderia deixar WhatsApp, autoridade e agendamento mais claros: [INSERIR_LINK_DO_REDESIGN_APOS_CRIACAO]","Miriam, resumindo: a ideia é transformar seu site atual em uma página mais moderna, clara e focada em agendamentos pelo WhatsApp.

(envie a imagem da proposta aqui)

Valor único: R$497
Hospedagem/manutenção: R$37,90 por mês

Isso inclui a página responsiva, ajustes finais e publicação no domínio definitivo.","Oi, Miriam! Passando pra saber se você chegou a ver o site novo que te mandei.

Se tiver algo que você mudaria, uma cor, um texto, uma foto, eu ajusto pra ficar do seu jeito. 😊","Oi, Miriam! Só pra deixar claro, esse é o trabalho que eu faço, ajudo profissionais como você a terem um site que traz mais pacientes, clientes ou consultas e passa mais autoridade.

Fiz o seu como demonstração, sem compromisso.

Se fizer sentido, te explico como deixar ele no ar. Quer que eu te mande os detalhes?","Oi, Miriam! Imagino que a correria da agenda tenha falado mais alto, sem problema.

Vou deixar o link no ar por mais 24 horas.

Se um dia quiser colocar no ar, é só me chamar que retomo na hora.

Sucesso, viu! 🙌"
2026-07-22,39,Fisioterapeuta,Campinas - SP,Larah Segin,não verificado,não verificado,19999467757,+5519999467757,https://lssfisioterapia.wixsite.com/larah-segin-fisioter,https://www.google.com/maps/search/?api=1&query=Larah%20Segin%20Fisioterapeuta%20Campinas%20-%20SP,"Fisioterapeuta em Campinas - SP com URL válida, contato público e site Wix; há conteúdo real aproveitável, mas a apresentação atual pode ganhar mais hierarquia, autoridade e CTA direto.","Site atual é redesenhável: site Wix, hierarquia comercial limitada, CTA/WhatsApp pouco dominante e conteúdo distribuído sem foco claro de conversão. Futuro redesign pode abrir com especialidade, prova social, serviços confirmados e agendamento direto.","Site informa: Larah Segin; Fisioterapia pélvica e obstétrica; saúde da mulher; CREFITO 255846F; Jardim Chapadão, Campinas.","Fisioterapeuta; atendimento informado no site atual","Prova social não verificada em Maps nesta captura; credenciais, CRP/CRN, depoimentos ou experiência citados quando presentes no site.","Wix antigo/simples, fotos e textos do site atual, identidade básica aproveitável.","Prints desktop/mobile capturados; manter identidade e informações principais.",larah-segin-fisioterapeuta,Aguardando redesign individual,,D:\LEONARDO\Drive\Projetos\funil-comercial\prospeccao-ativa-2026-07-22\prints\larah-segin-fisioterapeuta-maps.png,D:\LEONARDO\Drive\Projetos\funil-comercial\prospeccao-ativa-2026-07-22\prints\larah-segin-fisioterapeuta-desktop.png,D:\LEONARDO\Drive\Projetos\funil-comercial\prospeccao-ativa-2026-07-22\prints\larah-segin-fisioterapeuta-mobile.png,https://wa.me/5519999467757,LEAD_QUALIFICADO_AGUARDANDO_REDESIGN_INDIVIDUAL,"Sem envio automático; URL curta permanece vazia até redesign individual.","Oi, Larah! Vi seu site de fisioterapeuta em Campinas - SP, com Fisioterapeuta; atendimento informado no site atual. Também notei que a página atual usa site Wix e poderia deixar WhatsApp, autoridade e agendamento mais claros: [INSERIR_LINK_DO_REDESIGN_APOS_CRIACAO]","Larah, resumindo: a ideia é transformar seu site atual em uma página mais moderna, clara e focada em agendamentos pelo WhatsApp.

(envie a imagem da proposta aqui)

Valor único: R$497
Hospedagem/manutenção: R$37,90 por mês

Isso inclui a página responsiva, ajustes finais e publicação no domínio definitivo.","Oi, Larah! Passando pra saber se você chegou a ver o site novo que te mandei.

Se tiver algo que você mudaria, uma cor, um texto, uma foto, eu ajusto pra ficar do seu jeito. 😊","Oi, Larah! Só pra deixar claro, esse é o trabalho que eu faço, ajudo profissionais como você a terem um site que traz mais pacientes, clientes ou consultas e passa mais autoridade.

Fiz o seu como demonstração, sem compromisso.

Se fizer sentido, te explico como deixar ele no ar. Quer que eu te mande os detalhes?","Oi, Larah! Imagino que a correria da agenda tenha falado mais alto, sem problema.

Vou deixar o link no ar por mais 24 horas.

Se um dia quiser colocar no ar, é só me chamar que retomo na hora.

Sucesso, viu! 🙌"
2026-07-22,40,Terapeuta,Campinas - SP,Fernando Reis,não verificado,não verificado,(19) 997726027,+5519997726027,https://domfernandoreis.wixsite.com/psicanalise,https://www.google.com/maps/search/?api=1&query=Fernando%20Reis%20Terapeuta%20Campinas%20-%20SP,"Terapeuta em Campinas - SP com URL válida, contato público e site Wix; há conteúdo real aproveitável, mas a apresentação atual pode ganhar mais hierarquia, autoridade e CTA direto.","Site atual é redesenhável: site Wix, hierarquia comercial limitada, CTA/WhatsApp pouco dominante e conteúdo distribuído sem foco claro de conversão. Futuro redesign pode abrir com especialidade, prova social, serviços confirmados e agendamento direto.","Site informa: Fernando Reis; Psicanalista; atendimento presencial em Campinas e Indaiatuba e online; formação em psicanálise clínica.",atendimento presencial,"Prova social não verificada em Maps nesta captura; credenciais, CRP/CRN, depoimentos ou experiência citados quando presentes no site.","Wix antigo/simples, fotos e textos do site atual, identidade básica aproveitável.","Prints desktop/mobile capturados; manter identidade e informações principais.",fernando-reis-terapeuta,Aguardando redesign individual,,D:\LEONARDO\Drive\Projetos\funil-comercial\prospeccao-ativa-2026-07-22\prints\fernando-reis-terapeuta-maps.png,D:\LEONARDO\Drive\Projetos\funil-comercial\prospeccao-ativa-2026-07-22\prints\fernando-reis-terapeuta-desktop.png,D:\LEONARDO\Drive\Projetos\funil-comercial\prospeccao-ativa-2026-07-22\prints\fernando-reis-terapeuta-mobile.png,https://wa.me/5519997726027,LEAD_QUALIFICADO_AGUARDANDO_REDESIGN_INDIVIDUAL,"Sem envio automático; URL curta permanece vazia até redesign individual.","Oi, Fernando! Vi seu site de terapeuta em Campinas - SP, com atendimento presencial. Também notei que a página atual usa site Wix e poderia deixar WhatsApp, autoridade e agendamento mais claros: [INSERIR_LINK_DO_REDESIGN_APOS_CRIACAO]","Fernando, resumindo: a ideia é transformar seu site atual em uma página mais moderna, clara e focada em agendamentos pelo WhatsApp.

(envie a imagem da proposta aqui)

Valor único: R$497
Hospedagem/manutenção: R$37,90 por mês

Isso inclui a página responsiva, ajustes finais e publicação no domínio definitivo.","Oi, Fernando! Passando pra saber se você chegou a ver o site novo que te mandei.

Se tiver algo que você mudaria, uma cor, um texto, uma foto, eu ajusto pra ficar do seu jeito. 😊","Oi, Fernando! Só pra deixar claro, esse é o trabalho que eu faço, ajudo profissionais como você a terem um site que traz mais pacientes, clientes ou consultas e passa mais autoridade.

Fiz o seu como demonstração, sem compromisso.

Se fizer sentido, te explico como deixar ele no ar. Quer que eu te mande os detalhes?","Oi, Fernando! Imagino que a correria da agenda tenha falado mais alto, sem problema.

Vou deixar o link no ar por mais 24 horas.

Se um dia quiser colocar no ar, é só me chamar que retomo na hora.

Sucesso, viu! 🙌"
2026-07-22,41,Fisioterapeuta,São Paulo - SP,Tuane de Sousa,não verificado,não verificado,contato público plausível no site,,https://fisiotuane.wixsite.com/tuanedesousa,https://www.google.com/maps/search/?api=1&query=Tuane%20de%20Sousa%20Fisioterapeuta%20S%C3%A3o%20Paulo%20-%20SP,"Fisioterapeuta em São Paulo - SP com URL válida, contato público e site Wix; há conteúdo real aproveitável, mas a apresentação atual pode ganhar mais hierarquia, autoridade e CTA direto.","Site atual é redesenhável: site Wix, hierarquia comercial limitada, CTA/WhatsApp pouco dominante e conteúdo distribuído sem foco claro de conversão. Futuro redesign pode abrir com especialidade, prova social, serviços confirmados e agendamento direto.","Site informa: Tuane de Sousa; Fisioterapeuta formada em 2014; acupuntura; RPG multifuncional; pilates completo; reabilitação.","pilates; reabilitação; acupuntura","Prova social não verificada em Maps nesta captura; credenciais, CRP/CRN, depoimentos ou experiência citados quando presentes no site.","Wix antigo/simples, fotos e textos do site atual, identidade básica aproveitável.","Prints desktop/mobile capturados; manter identidade e informações principais.",tuane-de-sousa-fisioterapeuta,Aguardando redesign individual,,D:\LEONARDO\Drive\Projetos\funil-comercial\prospeccao-ativa-2026-07-22\prints\tuane-de-sousa-fisioterapeuta-maps.png,D:\LEONARDO\Drive\Projetos\funil-comercial\prospeccao-ativa-2026-07-22\prints\tuane-de-sousa-fisioterapeuta-desktop.png,D:\LEONARDO\Drive\Projetos\funil-comercial\prospeccao-ativa-2026-07-22\prints\tuane-de-sousa-fisioterapeuta-mobile.png,,LEAD_QUALIFICADO_AGUARDANDO_REDESIGN_INDIVIDUAL,"Sem envio automático; URL curta permanece vazia até redesign individual.","Oi, Tuane! Vi seu site de fisioterapeuta em São Paulo - SP, com pilates; reabilitação; acupuntura. Também notei que a página atual usa site Wix e poderia deixar WhatsApp, autoridade e agendamento mais claros: [INSERIR_LINK_DO_REDESIGN_APOS_CRIACAO]","Tuane, resumindo: a ideia é transformar seu site atual em uma página mais moderna, clara e focada em agendamentos pelo WhatsApp.

(envie a imagem da proposta aqui)

Valor único: R$497
Hospedagem/manutenção: R$37,90 por mês

Isso inclui a página responsiva, ajustes finais e publicação no domínio definitivo.","Oi, Tuane! Passando pra saber se você chegou a ver o site novo que te mandei.

Se tiver algo que você mudaria, uma cor, um texto, uma foto, eu ajusto pra ficar do seu jeito. 😊","Oi, Tuane! Só pra deixar claro, esse é o trabalho que eu faço, ajudo profissionais como você a terem um site que traz mais pacientes, clientes ou consultas e passa mais autoridade.

Fiz o seu como demonstração, sem compromisso.

Se fizer sentido, te explico como deixar ele no ar. Quer que eu te mande os detalhes?","Oi, Tuane! Imagino que a correria da agenda tenha falado mais alto, sem problema.

Vou deixar o link no ar por mais 24 horas.

Se um dia quiser colocar no ar, é só me chamar que retomo na hora.

Sucesso, viu! 🙌"
2026-07-22,42,Fisioterapeuta,São Paulo - SP,Andrea Borges,não verificado,não verificado,(11) 96574-5290 / (11) 93730-3074,+5511965745290,https://fisio35.wixsite.com/fisioterapia,https://www.google.com/maps/search/?api=1&query=Andrea%20Borges%20Fisioterapeuta%20S%C3%A3o%20Paulo%20-%20SP,"Fisioterapeuta em São Paulo - SP com URL válida, contato público e site Wix; há conteúdo real aproveitável, mas a apresentação atual pode ganhar mais hierarquia, autoridade e CTA direto.","Site atual é redesenhável: site Wix, hierarquia comercial limitada, CTA/WhatsApp pouco dominante e conteúdo distribuído sem foco claro de conversão. Futuro redesign pode abrir com especialidade, prova social, serviços confirmados e agendamento direto.","Site informa: Andrea Borges; CREFITO 3-51718; fisioterapeuta em São Paulo; endereço Freguesia do Ó; contato por telefone.","Fisioterapeuta; atendimento informado no site atual","Prova social não verificada em Maps nesta captura; credenciais, CRP/CRN, depoimentos ou experiência citados quando presentes no site.","Wix antigo/simples, fotos e textos do site atual, identidade básica aproveitável.","Prints desktop/mobile capturados; manter identidade e informações principais.",andrea-borges-fisioterapeuta,Aguardando redesign individual,,D:\LEONARDO\Drive\Projetos\funil-comercial\prospeccao-ativa-2026-07-22\prints\andrea-borges-fisioterapeuta-maps.png,D:\LEONARDO\Drive\Projetos\funil-comercial\prospeccao-ativa-2026-07-22\prints\andrea-borges-fisioterapeuta-desktop.png,D:\LEONARDO\Drive\Projetos\funil-comercial\prospeccao-ativa-2026-07-22\prints\andrea-borges-fisioterapeuta-mobile.png,https://wa.me/5511965745290,LEAD_QUALIFICADO_AGUARDANDO_REDESIGN_INDIVIDUAL,"Sem envio automático; URL curta permanece vazia até redesign individual.","Oi, Andrea! Vi seu site de fisioterapeuta em São Paulo - SP, com Fisioterapeuta; atendimento informado no site atual. Também notei que a página atual usa site Wix e poderia deixar WhatsApp, autoridade e agendamento mais claros: [INSERIR_LINK_DO_REDESIGN_APOS_CRIACAO]","Andrea, resumindo: a ideia é transformar seu site atual em uma página mais moderna, clara e focada em agendamentos pelo WhatsApp.

(envie a imagem da proposta aqui)

Valor único: R$497
Hospedagem/manutenção: R$37,90 por mês

Isso inclui a página responsiva, ajustes finais e publicação no domínio definitivo.","Oi, Andrea! Passando pra saber se você chegou a ver o site novo que te mandei.

Se tiver algo que você mudaria, uma cor, um texto, uma foto, eu ajusto pra ficar do seu jeito. 😊","Oi, Andrea! Só pra deixar claro, esse é o trabalho que eu faço, ajudo profissionais como você a terem um site que traz mais pacientes, clientes ou consultas e passa mais autoridade.

Fiz o seu como demonstração, sem compromisso.

Se fizer sentido, te explico como deixar ele no ar. Quer que eu te mande os detalhes?","Oi, Andrea! Imagino que a correria da agenda tenha falado mais alto, sem problema.

Vou deixar o link no ar por mais 24 horas.

Se um dia quiser colocar no ar, é só me chamar que retomo na hora.

Sucesso, viu! 🙌"
2026-07-22,43,Fisioterapeuta,São Paulo - SP,Guilherme Tisi,não verificado,não verificado,(11) 2688-5263 / (11) 4116-6820,+551126885263,https://ciasaude.wixsite.com/ciasaude/blank-mhg46,https://www.google.com/maps/search/?api=1&query=Guilherme%20Tisi%20Fisioterapeuta%20S%C3%A3o%20Paulo%20-%20SP,"Fisioterapeuta em São Paulo - SP com URL válida, contato público e site Wix; há conteúdo real aproveitável, mas a apresentação atual pode ganhar mais hierarquia, autoridade e CTA direto.","Site atual é redesenhável: site Wix, hierarquia comercial limitada, CTA/WhatsApp pouco dominante e conteúdo distribuído sem foco claro de conversão. Futuro redesign pode abrir com especialidade, prova social, serviços confirmados e agendamento direto.","Site informa: Guilherme Tisi; CREFITO-3/110987-F; podoposturologia; baropodometria; biomecânica; fisioterapia traumato-ortopédica.","Fisioterapeuta; atendimento informado no site atual","Prova social não verificada em Maps nesta captura; credenciais, CRP/CRN, depoimentos ou experiência citados quando presentes no site.","Wix antigo/simples, fotos e textos do site atual, identidade básica aproveitável.","Prints desktop/mobile capturados; manter identidade e informações principais.",guilherme-tisi-fisioterapeuta,Aguardando redesign individual,,D:\LEONARDO\Drive\Projetos\funil-comercial\prospeccao-ativa-2026-07-22\prints\guilherme-tisi-fisioterapeuta-maps.png,D:\LEONARDO\Drive\Projetos\funil-comercial\prospeccao-ativa-2026-07-22\prints\guilherme-tisi-fisioterapeuta-desktop.png,D:\LEONARDO\Drive\Projetos\funil-comercial\prospeccao-ativa-2026-07-22\prints\guilherme-tisi-fisioterapeuta-mobile.png,https://wa.me/551126885263,LEAD_QUALIFICADO_AGUARDANDO_REDESIGN_INDIVIDUAL,"Sem envio automático; URL curta permanece vazia até redesign individual.","Oi, Guilherme! Vi seu site de fisioterapeuta em São Paulo - SP, com Fisioterapeuta; atendimento informado no site atual. Também notei que a página atual usa site Wix e poderia deixar WhatsApp, autoridade e agendamento mais claros: [INSERIR_LINK_DO_REDESIGN_APOS_CRIACAO]","Guilherme, resumindo: a ideia é transformar seu site atual em uma página mais moderna, clara e focada em agendamentos pelo WhatsApp.

(envie a imagem da proposta aqui)

Valor único: R$497
Hospedagem/manutenção: R$37,90 por mês

Isso inclui a página responsiva, ajustes finais e publicação no domínio definitivo.","Oi, Guilherme! Passando pra saber se você chegou a ver o site novo que te mandei.

Se tiver algo que você mudaria, uma cor, um texto, uma foto, eu ajusto pra ficar do seu jeito. 😊","Oi, Guilherme! Só pra deixar claro, esse é o trabalho que eu faço, ajudo profissionais como você a terem um site que traz mais pacientes, clientes ou consultas e passa mais autoridade.

Fiz o seu como demonstração, sem compromisso.

Se fizer sentido, te explico como deixar ele no ar. Quer que eu te mande os detalhes?","Oi, Guilherme! Imagino que a correria da agenda tenha falado mais alto, sem problema.

Vou deixar o link no ar por mais 24 horas.

Se um dia quiser colocar no ar, é só me chamar que retomo na hora.

Sucesso, viu! 🙌"
2026-07-22,44,Terapeuta,São Paulo - SP,Glória Gomes,não verificado,não verificado,11 98703-4354,+5511987034354,https://gloriagomespsic.wixsite.com/meusite,https://www.google.com/maps/search/?api=1&query=Gl%C3%B3ria%20Gomes%20Terapeuta%20S%C3%A3o%20Paulo%20-%20SP,"Terapeuta em São Paulo - SP com URL válida, contato público e site Wix; há conteúdo real aproveitável, mas a apresentação atual pode ganhar mais hierarquia, autoridade e CTA direto.","Site atual é redesenhável: site Wix, hierarquia comercial limitada, CTA/WhatsApp pouco dominante e conteúdo distribuído sem foco claro de conversão. Futuro redesign pode abrir com especialidade, prova social, serviços confirmados e agendamento direto.","Site informa: Glória Gomes; Psicanalista clínica; terapeuta cognitiva comportamental; terapias complementares; atendimento São Paulo e Hortolândia.","Terapeuta; atendimento informado no site atual","Prova social não verificada em Maps nesta captura; credenciais, CRP/CRN, depoimentos ou experiência citados quando presentes no site.","Wix antigo/simples, fotos e textos do site atual, identidade básica aproveitável.","Prints desktop/mobile capturados; manter identidade e informações principais.",gloria-gomes-terapeuta,Aguardando redesign individual,,D:\LEONARDO\Drive\Projetos\funil-comercial\prospeccao-ativa-2026-07-22\prints\gloria-gomes-terapeuta-maps.png,D:\LEONARDO\Drive\Projetos\funil-comercial\prospeccao-ativa-2026-07-22\prints\gloria-gomes-terapeuta-desktop.png,D:\LEONARDO\Drive\Projetos\funil-comercial\prospeccao-ativa-2026-07-22\prints\gloria-gomes-terapeuta-mobile.png,https://wa.me/5511987034354,LEAD_QUALIFICADO_AGUARDANDO_REDESIGN_INDIVIDUAL,"Sem envio automático; URL curta permanece vazia até redesign individual.","Oi, Glória! Vi seu site de terapeuta em São Paulo - SP, com Terapeuta; atendimento informado no site atual. Também notei que a página atual usa site Wix e poderia deixar WhatsApp, autoridade e agendamento mais claros: [INSERIR_LINK_DO_REDESIGN_APOS_CRIACAO]","Glória, resumindo: a ideia é transformar seu site atual em uma página mais moderna, clara e focada em agendamentos pelo WhatsApp.

(envie a imagem da proposta aqui)

Valor único: R$497
Hospedagem/manutenção: R$37,90 por mês

Isso inclui a página responsiva, ajustes finais e publicação no domínio definitivo.","Oi, Glória! Passando pra saber se você chegou a ver o site novo que te mandei.

Se tiver algo que você mudaria, uma cor, um texto, uma foto, eu ajusto pra ficar do seu jeito. 😊","Oi, Glória! Só pra deixar claro, esse é o trabalho que eu faço, ajudo profissionais como você a terem um site que traz mais pacientes, clientes ou consultas e passa mais autoridade.

Fiz o seu como demonstração, sem compromisso.

Se fizer sentido, te explico como deixar ele no ar. Quer que eu te mande os detalhes?","Oi, Glória! Imagino que a correria da agenda tenha falado mais alto, sem problema.

Vou deixar o link no ar por mais 24 horas.

Se um dia quiser colocar no ar, é só me chamar que retomo na hora.

Sucesso, viu! 🙌"
2026-07-22,45,Massoterapeuta,Campinas - SP,Mentalize Campinas,não verificado,não verificado,contato público plausível no site,,https://mentalizecampinas.wixsite.com/website,https://www.google.com/maps/search/?api=1&query=Mentalize%20Campinas%20Massoterapeuta%20Campinas%20-%20SP,"Massoterapeuta em Campinas - SP com URL válida, contato público e site Wix; há conteúdo real aproveitável, mas a apresentação atual pode ganhar mais hierarquia, autoridade e CTA direto.","Site atual é redesenhável: site Wix, hierarquia comercial limitada, CTA/WhatsApp pouco dominante e conteúdo distribuído sem foco claro de conversão. Futuro redesign pode abrir com especialidade, prova social, serviços confirmados e agendamento direto.","Site informa: Mentalize Campinas; Massoterapia terapêutica, funcional e estética; clínica de massagem em Campinas.","Massoterapeuta; atendimento informado no site atual","Prova social não verificada em Maps nesta captura; credenciais, CRP/CRN, depoimentos ou experiência citados quando presentes no site.","Wix antigo/simples, fotos e textos do site atual, identidade básica aproveitável.","Prints desktop/mobile capturados; manter identidade e informações principais.",mentalize-campinas-massoterapeuta,Aguardando redesign individual,,D:\LEONARDO\Drive\Projetos\funil-comercial\prospeccao-ativa-2026-07-22\prints\mentalize-campinas-massoterapeuta-maps.png,D:\LEONARDO\Drive\Projetos\funil-comercial\prospeccao-ativa-2026-07-22\prints\mentalize-campinas-massoterapeuta-desktop.png,D:\LEONARDO\Drive\Projetos\funil-comercial\prospeccao-ativa-2026-07-22\prints\mentalize-campinas-massoterapeuta-mobile.png,,LEAD_QUALIFICADO_AGUARDANDO_REDESIGN_INDIVIDUAL,"Sem envio automático; URL curta permanece vazia até redesign individual.","Oi, Mentalize! Vi seu site de massoterapeuta em Campinas - SP, com Massoterapeuta; atendimento informado no site atual. Também notei que a página atual usa site Wix e poderia deixar WhatsApp, autoridade e agendamento mais claros: [INSERIR_LINK_DO_REDESIGN_APOS_CRIACAO]","Mentalize, resumindo: a ideia é transformar seu site atual em uma página mais moderna, clara e focada em agendamentos pelo WhatsApp.

(envie a imagem da proposta aqui)

Valor único: R$497
Hospedagem/manutenção: R$37,90 por mês

Isso inclui a página responsiva, ajustes finais e publicação no domínio definitivo.","Oi, Mentalize! Passando pra saber se você chegou a ver o site novo que te mandei.

Se tiver algo que você mudaria, uma cor, um texto, uma foto, eu ajusto pra ficar do seu jeito. 😊","Oi, Mentalize! Só pra deixar claro, esse é o trabalho que eu faço, ajudo profissionais como você a terem um site que traz mais pacientes, clientes ou consultas e passa mais autoridade.

Fiz o seu como demonstração, sem compromisso.

Se fizer sentido, te explico como deixar ele no ar. Quer que eu te mande os detalhes?","Oi, Mentalize! Imagino que a correria da agenda tenha falado mais alto, sem problema.

Vou deixar o link no ar por mais 24 horas.

Se um dia quiser colocar no ar, é só me chamar que retomo na hora.

Sucesso, viu! 🙌"
2026-07-22,46,Fisioterapeuta,Rio de Janeiro - RJ,Fisioprevent Brasil,não verificado,não verificado,(21) 99206-8007,+5521992068007,https://fisiopreventbrasil.wixsite.com/care/labirintite,https://www.google.com/maps/search/?api=1&query=Fisioprevent%20Brasil%20Fisioterapeuta%20Rio%20de%20Janeiro%20-%20RJ,"Fisioterapeuta em Rio de Janeiro - RJ com URL válida, contato público e site Wix; há conteúdo real aproveitável, mas a apresentação atual pode ganhar mais hierarquia, autoridade e CTA direto.","Site atual é redesenhável: site Wix, hierarquia comercial limitada, CTA/WhatsApp pouco dominante e conteúdo distribuído sem foco claro de conversão. Futuro redesign pode abrir com especialidade, prova social, serviços confirmados e agendamento direto.","Site informa: Fisioprevent Brasil; Fisioterapia domiciliar; reabilitação vestibular; diretor técnico Dr. Moacir R. Muruci CREFITO/2 16.513-F.",reabilitação,"Prova social não verificada em Maps nesta captura; credenciais, CRP/CRN, depoimentos ou experiência citados quando presentes no site.","Wix antigo/simples, fotos e textos do site atual, identidade básica aproveitável.","Prints desktop/mobile capturados; manter identidade e informações principais.",fisioprevent-brasil-fisioterapeuta,Aguardando redesign individual,,D:\LEONARDO\Drive\Projetos\funil-comercial\prospeccao-ativa-2026-07-22\prints\fisioprevent-brasil-fisioterapeuta-maps.png,D:\LEONARDO\Drive\Projetos\funil-comercial\prospeccao-ativa-2026-07-22\prints\fisioprevent-brasil-fisioterapeuta-desktop.png,D:\LEONARDO\Drive\Projetos\funil-comercial\prospeccao-ativa-2026-07-22\prints\fisioprevent-brasil-fisioterapeuta-mobile.png,https://wa.me/5521992068007,LEAD_QUALIFICADO_AGUARDANDO_REDESIGN_INDIVIDUAL,"Sem envio automático; URL curta permanece vazia até redesign individual.","Oi, Fisioprevent! Vi seu site de fisioterapeuta em Rio de Janeiro - RJ, com reabilitação. Também notei que a página atual usa site Wix e poderia deixar WhatsApp, autoridade e agendamento mais claros: [INSERIR_LINK_DO_REDESIGN_APOS_CRIACAO]","Fisioprevent, resumindo: a ideia é transformar seu site atual em uma página mais moderna, clara e focada em agendamentos pelo WhatsApp.

(envie a imagem da proposta aqui)

Valor único: R$497
Hospedagem/manutenção: R$37,90 por mês

Isso inclui a página responsiva, ajustes finais e publicação no domínio definitivo.","Oi, Fisioprevent! Passando pra saber se você chegou a ver o site novo que te mandei.

Se tiver algo que você mudaria, uma cor, um texto, uma foto, eu ajusto pra ficar do seu jeito. 😊","Oi, Fisioprevent! Só pra deixar claro, esse é o trabalho que eu faço, ajudo profissionais como você a terem um site que traz mais pacientes, clientes ou consultas e passa mais autoridade.

Fiz o seu como demonstração, sem compromisso.

Se fizer sentido, te explico como deixar ele no ar. Quer que eu te mande os detalhes?","Oi, Fisioprevent! Imagino que a correria da agenda tenha falado mais alto, sem problema.

Vou deixar o link no ar por mais 24 horas.

Se um dia quiser colocar no ar, é só me chamar que retomo na hora.

Sucesso, viu! 🙌"
2026-07-22,47,Fisioterapeuta,Campinas - SP,Sylvia Cunha,não verificado,não verificado,(19) 99886-4400,+5519998864400,https://profa-dra-sylviacunha.my.canva.site/,https://www.google.com/maps/search/?api=1&query=Sylvia%20Cunha%20Fisioterapeuta%20Campinas%20-%20SP,"Fisioterapeuta em Campinas - SP com URL válida, contato público e site Canva; há conteúdo real aproveitável, mas a apresentação atual pode ganhar mais hierarquia, autoridade e CTA direto.","Site atual é redesenhável: site Canva, hierarquia comercial limitada, CTA/WhatsApp pouco dominante e conteúdo distribuído sem foco claro de conversão. Futuro redesign pode abrir com especialidade, prova social, serviços confirmados e agendamento direto.","Site informa: Sylvia Cunha; Fisioterapia de excelência em Campinas; Profa. Dra. Sylvia Cunha; AF Fisioterapia; Rua Cristóvão Colombo.","Fisioterapeuta; atendimento informado no site atual","Prova social não verificada em Maps nesta captura; credenciais, CRP/CRN, depoimentos ou experiência citados quando presentes no site.","Página Canva, visual de peça única, cores/fotos e informações principais aproveitáveis.","Prints desktop/mobile capturados; manter identidade e informações principais.",sylvia-cunha-fisioterapeuta,Aguardando redesign individual,,D:\LEONARDO\Drive\Projetos\funil-comercial\prospeccao-ativa-2026-07-22\prints\sylvia-cunha-fisioterapeuta-maps.png,D:\LEONARDO\Drive\Projetos\funil-comercial\prospeccao-ativa-2026-07-22\prints\sylvia-cunha-fisioterapeuta-desktop.png,D:\LEONARDO\Drive\Projetos\funil-comercial\prospeccao-ativa-2026-07-22\prints\sylvia-cunha-fisioterapeuta-mobile.png,https://wa.me/5519998864400,LEAD_QUALIFICADO_AGUARDANDO_REDESIGN_INDIVIDUAL,"Sem envio automático; URL curta permanece vazia até redesign individual.","Oi, Sylvia! Vi seu site de fisioterapeuta em Campinas - SP, com Fisioterapeuta; atendimento informado no site atual. Também notei que a página atual usa site Canva e poderia deixar WhatsApp, autoridade e agendamento mais claros: [INSERIR_LINK_DO_REDESIGN_APOS_CRIACAO]","Sylvia, resumindo: a ideia é transformar seu site atual em uma página mais moderna, clara e focada em agendamentos pelo WhatsApp.

(envie a imagem da proposta aqui)

Valor único: R$497
Hospedagem/manutenção: R$37,90 por mês

Isso inclui a página responsiva, ajustes finais e publicação no domínio definitivo.","Oi, Sylvia! Passando pra saber se você chegou a ver o site novo que te mandei.

Se tiver algo que você mudaria, uma cor, um texto, uma foto, eu ajusto pra ficar do seu jeito. 😊","Oi, Sylvia! Só pra deixar claro, esse é o trabalho que eu faço, ajudo profissionais como você a terem um site que traz mais pacientes, clientes ou consultas e passa mais autoridade.

Fiz o seu como demonstração, sem compromisso.

Se fizer sentido, te explico como deixar ele no ar. Quer que eu te mande os detalhes?","Oi, Sylvia! Imagino que a correria da agenda tenha falado mais alto, sem problema.

Vou deixar o link no ar por mais 24 horas.

Se um dia quiser colocar no ar, é só me chamar que retomo na hora.

Sucesso, viu! 🙌"
2026-07-22,48,Fisioterapeuta,São Paulo - SP,Fisio Tatuapé,não verificado,não verificado,(11) 91617-9599,+5511916179599,https://fisiotatuape.my.canva.site/,https://www.google.com/maps/search/?api=1&query=Fisio%20Tatuap%C3%A9%20Fisioterapeuta%20S%C3%A3o%20Paulo%20-%20SP,"Fisioterapeuta em São Paulo - SP com URL válida, contato público e site Canva; há conteúdo real aproveitável, mas a apresentação atual pode ganhar mais hierarquia, autoridade e CTA direto.","Site atual é redesenhável: site Canva, hierarquia comercial limitada, CTA/WhatsApp pouco dominante e conteúdo distribuído sem foco claro de conversão. Futuro redesign pode abrir com especialidade, prova social, serviços confirmados e agendamento direto.","Site informa: Fisio Tatuapé; Fisioterapia e osteopatia; reabilitação musculoesquelética; fisioterapia preventiva; equipe Izabella Guirado e Leonardo Nascimento.",reabilitação,"Prova social não verificada em Maps nesta captura; credenciais, CRP/CRN, depoimentos ou experiência citados quando presentes no site.","Página Canva, visual de peça única, cores/fotos e informações principais aproveitáveis.","Prints desktop/mobile capturados; manter identidade e informações principais.",fisio-tatuape-fisioterapeuta,Aguardando redesign individual,,D:\LEONARDO\Drive\Projetos\funil-comercial\prospeccao-ativa-2026-07-22\prints\fisio-tatuape-fisioterapeuta-maps.png,D:\LEONARDO\Drive\Projetos\funil-comercial\prospeccao-ativa-2026-07-22\prints\fisio-tatuape-fisioterapeuta-desktop.png,D:\LEONARDO\Drive\Projetos\funil-comercial\prospeccao-ativa-2026-07-22\prints\fisio-tatuape-fisioterapeuta-mobile.png,https://wa.me/5511916179599,LEAD_QUALIFICADO_AGUARDANDO_REDESIGN_INDIVIDUAL,"Sem envio automático; URL curta permanece vazia até redesign individual.","Oi, Fisio! Vi seu site de fisioterapeuta em São Paulo - SP, com reabilitação. Também notei que a página atual usa site Canva e poderia deixar WhatsApp, autoridade e agendamento mais claros: [INSERIR_LINK_DO_REDESIGN_APOS_CRIACAO]","Fisio, resumindo: a ideia é transformar seu site atual em uma página mais moderna, clara e focada em agendamentos pelo WhatsApp.

(envie a imagem da proposta aqui)

Valor único: R$497
Hospedagem/manutenção: R$37,90 por mês

Isso inclui a página responsiva, ajustes finais e publicação no domínio definitivo.","Oi, Fisio! Passando pra saber se você chegou a ver o site novo que te mandei.

Se tiver algo que você mudaria, uma cor, um texto, uma foto, eu ajusto pra ficar do seu jeito. 😊","Oi, Fisio! Só pra deixar claro, esse é o trabalho que eu faço, ajudo profissionais como você a terem um site que traz mais pacientes, clientes ou consultas e passa mais autoridade.

Fiz o seu como demonstração, sem compromisso.

Se fizer sentido, te explico como deixar ele no ar. Quer que eu te mande os detalhes?","Oi, Fisio! Imagino que a correria da agenda tenha falado mais alto, sem problema.

Vou deixar o link no ar por mais 24 horas.

Se um dia quiser colocar no ar, é só me chamar que retomo na hora.

Sucesso, viu! 🙌"
2026-07-22,49,Contador,São Paulo - SP,Di Lorenzi Contabilidade,não verificado,não verificado,WhatsApp direto citado no site,,https://www.dilorenzi.com/,https://www.google.com/maps/search/?api=1&query=Di%20Lorenzi%20Contabilidade%20Contador%20S%C3%A3o%20Paulo%20-%20SP,"Contador em São Paulo - SP com URL válida, contato público e site simples; há conteúdo real aproveitável, mas a apresentação atual pode ganhar mais hierarquia, autoridade e CTA direto.","Site atual é redesenhável: site simples, hierarquia comercial limitada, CTA/WhatsApp pouco dominante e conteúdo distribuído sem foco claro de conversão. Futuro redesign pode abrir com especialidade, prova social, serviços confirmados e agendamento direto.","Site informa: Di Lorenzi Contabilidade; Contabilidade em São Paulo; atendimento via WhatsApp; notícias contábeis e serviços para empresas.",contabilidade,"Prova social não verificada em Maps nesta captura; credenciais, CRP/CRN, depoimentos ou experiência citados quando presentes no site.","Site simples com textos, fotos e identidade atual a preservar.","Prints desktop/mobile capturados; manter identidade e informações principais.",di-lorenzi-contabilidade-contador,Aguardando redesign individual,,D:\LEONARDO\Drive\Projetos\funil-comercial\prospeccao-ativa-2026-07-22\prints\di-lorenzi-contabilidade-contador-maps.png,D:\LEONARDO\Drive\Projetos\funil-comercial\prospeccao-ativa-2026-07-22\prints\di-lorenzi-contabilidade-contador-desktop.png,D:\LEONARDO\Drive\Projetos\funil-comercial\prospeccao-ativa-2026-07-22\prints\di-lorenzi-contabilidade-contador-mobile.png,,LEAD_QUALIFICADO_AGUARDANDO_REDESIGN_INDIVIDUAL,"Sem envio automático; URL curta permanece vazia até redesign individual.","Oi, Di! Vi seu site de contador em São Paulo - SP, com contabilidade. Também notei que a página atual usa site simples e poderia deixar WhatsApp, autoridade e agendamento mais claros: [INSERIR_LINK_DO_REDESIGN_APOS_CRIACAO]","Di, resumindo: a ideia é transformar seu site atual em uma página mais moderna, clara e focada em agendamentos pelo WhatsApp.

(envie a imagem da proposta aqui)

Valor único: R$497
Hospedagem/manutenção: R$37,90 por mês

Isso inclui a página responsiva, ajustes finais e publicação no domínio definitivo.","Oi, Di! Passando pra saber se você chegou a ver o site novo que te mandei.

Se tiver algo que você mudaria, uma cor, um texto, uma foto, eu ajusto pra ficar do seu jeito. 😊","Oi, Di! Só pra deixar claro, esse é o trabalho que eu faço, ajudo profissionais como você a terem um site que traz mais pacientes, clientes ou consultas e passa mais autoridade.

Fiz o seu como demonstração, sem compromisso.

Se fizer sentido, te explico como deixar ele no ar. Quer que eu te mande os detalhes?","Oi, Di! Imagino que a correria da agenda tenha falado mais alto, sem problema.

Vou deixar o link no ar por mais 24 horas.

Se um dia quiser colocar no ar, é só me chamar que retomo na hora.

Sucesso, viu! 🙌"
2026-07-22,50,Engenheiro autônomo,Campinas - SP,Engenheiro Deiller,não verificado,não verificado,19994517070,+5519994517070,https://www.deillerengenharia.com.br/,https://www.google.com/maps/search/?api=1&query=Engenheiro%20Deiller%20Engenheiro%20aut%C3%B4nomo%20Campinas%20-%20SP,"Engenheiro autônomo em Campinas - SP com URL válida, contato público e site simples; há conteúdo real aproveitável, mas a apresentação atual pode ganhar mais hierarquia, autoridade e CTA direto.","Site atual é redesenhável: site simples, hierarquia comercial limitada, CTA/WhatsApp pouco dominante e conteúdo distribuído sem foco claro de conversão. Futuro redesign pode abrir com especialidade, prova social, serviços confirmados e agendamento direto.","Site informa: Engenheiro Deiller; Laudos e serviços de engenharia mecânica, bombeiros e adequação; Jardim Nova Europa, Campinas; contato direto.","engenharia; laudo","Prova social não verificada em Maps nesta captura; credenciais, CRP/CRN, depoimentos ou experiência citados quando presentes no site.","Site simples com textos, fotos e identidade atual a preservar.","Prints desktop/mobile capturados; manter identidade e informações principais.",engenheiro-deiller-engenheiro-autonomo,Aguardando redesign individual,,D:\LEONARDO\Drive\Projetos\funil-comercial\prospeccao-ativa-2026-07-22\prints\engenheiro-deiller-engenheiro-autonomo-maps.png,D:\LEONARDO\Drive\Projetos\funil-comercial\prospeccao-ativa-2026-07-22\prints\engenheiro-deiller-engenheiro-autonomo-desktop.png,D:\LEONARDO\Drive\Projetos\funil-comercial\prospeccao-ativa-2026-07-22\prints\engenheiro-deiller-engenheiro-autonomo-mobile.png,https://wa.me/5519994517070,LEAD_QUALIFICADO_AGUARDANDO_REDESIGN_INDIVIDUAL,"Sem envio automático; URL curta permanece vazia até redesign individual.","Oi, Engenheiro! Vi seu site de engenheiro autônomo em Campinas - SP, com engenharia; laudo. Também notei que a página atual usa site simples e poderia deixar WhatsApp, autoridade e agendamento mais claros: [INSERIR_LINK_DO_REDESIGN_APOS_CRIACAO]","Engenheiro, resumindo: a ideia é transformar seu site atual em uma página mais moderna, clara e focada em agendamentos pelo WhatsApp.

(envie a imagem da proposta aqui)

Valor único: R$497
Hospedagem/manutenção: R$37,90 por mês

Isso inclui a página responsiva, ajustes finais e publicação no domínio definitivo.","Oi, Engenheiro! Passando pra saber se você chegou a ver o site novo que te mandei.

Se tiver algo que você mudaria, uma cor, um texto, uma foto, eu ajusto pra ficar do seu jeito. 😊","Oi, Engenheiro! Só pra deixar claro, esse é o trabalho que eu faço, ajudo profissionais como você a terem um site que traz mais pacientes, clientes ou consultas e passa mais autoridade.

Fiz o seu como demonstração, sem compromisso.

Se fizer sentido, te explico como deixar ele no ar. Quer que eu te mande os detalhes?","Oi, Engenheiro! Imagino que a correria da agenda tenha falado mais alto, sem problema.

Vou deixar o link no ar por mais 24 horas.

Se um dia quiser colocar no ar, é só me chamar que retomo na hora.

Sucesso, viu! 🙌"